codigo_de_osinergmin,grifo_distancia,distancia,distancia_min,razon_social,distrito,direccion,bandera,coordenadas
16728,16766,0.005421718696181305,0.005421718696181305,ASESORIA COMERCIAL S.A.,MAGDALENA DEL MAR,AV. BRASIL N° 4191 - 4193 ESQ. CON AV. DEL EJERCITO Y JR. HIPOLITO UNANUE,PRIMAX,"-12.097144, -77.071467"
16766,16728,0.005421718696181305,0.005421718696181305,COESTI S.A.,MAGDALENA DEL MAR,AV.  DEL EJERCITO N° 110 - 112 ESQUINA CON AV. BRASIL,PRIMAX,"-12.097123, -77.071512"
7461,39429,0.008552946097298661,0.008552946097298661,GRIFO VICTORIA E.I.R.L.,LA VICTORIA,AV. BAUZATE Y MEZA ESQ. PROLONGACION HUAMANGA S/N.,INDEPENDIENTE,"-12.064913, -77.020272"
39429,7461,0.008552946097298661,0.008552946097298661,SERVICENTRO MALI S.A.C.,LA VICTORIA,JR. HUMBOLDT CON PROLONGACION HUAMANGA N° 619 (BERMA CENTRAL),INDEPENDIENTE,"-12.06489, -77.020197"
6876,21558,0.009812736304665358,0.009812736304665358,REPSOL COMERCIAL S.A.C.,BARRANCO,AV. REPUBLICA DE PANAMA N° 290,REPSOL,"-12.139069, -77.017547"
21558,6876,0.009812736304665358,0.009812736304665358,REPSOL COMERCIAL S.A.C,BARRANCO,"AV.EL SOL N° 697 , ESQUINA CON AV. REPUBLICA DE PANAMA",REPSOL,"-12.139148, -77.017588"
7161,86266,0.019284831685737955,0.019284831685737955,LMC COMBUSTIBLES S.A.,SAN BORJA,AV. CIRCUNVALACION N° 2944,INDEPENDIENTE,"-12.082749, -76.985517"
86266,7161,0.019284831685737955,0.019284831685737955,ENERGIGAS S.A.C,LA MOLINA,AV. JAVIER PRADO ESTE Nª 5411,INDEPENDIENTE,"-12.082776, -76.985692"
19986,118799,0.021197423289220335,0.021197423289220335,DIEGO OSWALDO HUMARI QUISPE,SANTA ANITA,"AV. ALTO HUANCARAY MZ. B LTE. 6, ASOCIACION DE VIVIENDA SAN CARLOS",INDEPENDIENTE,"-12.039246, -76.958081"
118799,19986,0.021197423289220335,0.021197423289220335,CORPORACION ALEGROUP E.I.R.L.,VILLA EL SALVADOR,"LOTE25,MZ.N¿,AGRUPAMIENTO PACHACAMAC,SECTOR SEGUNDO,PARCELA¿A¿/BARRIO1(ALT.INTERSECC DE LAS AV.SEPARADORA INDUSTRIAL Y AV.PROLONGACION UNIVERSITARIA)",INDEPENDIENTE,"-12.039107, -76.957947"
7054,9539,0.02491246350544329,0.02491246350544329,J.W.OLIVER S.A.C.,MIRAFLORES,AV. ALFREDO BENAVIDES CUADRA 21,REPSOL,"-12.127446, -77.010516"
9539,7054,0.02491246350544329,0.02491246350544329,ASESORIA COMERCIAL S.A.,MIRAFLORES,AV. BENAVIDES N° 2116,PRIMAX,"-12.127667, -77.010472"
8344,17946,0.028349620136273037,0.028349620136273037,E.G.A. EMPRESARIAL S.A.C.,SANTIAGO DE SURCO,"AV. EL DERBY N° 118, MZ. A, LOTE 5, URB. EL DERBY",REPSOL,"-12.098525, -76.971049"
17946,8344,0.028349620136273037,0.028349620136273037,E.G.A. EMPRESARIAL S.A.C.,SANTIAGO DE SURCO,AV. EL DERBY 109 ESQUINA CON LA AV. EL POLO,REPSOL,"-12.098781, -76.971037"
21004,21163,0.03127219259537512,0.03127219259537512,LA JOYA DE SANTA ISABEL E.I.R.L.,ATE,ESQ. AV. MIGUEL GRAU Y CALLE 4,PRIMAX,"-12.023602, -76.894719"
21163,21004,0.03127219259537512,0.03127219259537512,INVERSIONES M Y E S.A.C.,ATE,AV. JOSE CARLOS MARIATEGUI ESQ. CALLE B-8 - HUAYCAN,PRIMAX,"-12.023669, -76.894998"
9039,21203,0.0379103042711125,0.0379103042711125,JOSUE RUFO TANTAVILCA CHUQUILLANQUI,SAN MARTIN DE PORRES,"MZ. A, LOTE 26, ASOCIACION DE VIVIENDA OJIHUA INTERSECCION DE LA AV. LOS OLIVOS (EX SANTA ROSA) CON LA AUTOPISTA CANTA CALLAO",PECSA,"-11.984027, -77.099052"
21203,9039,0.0379103042711125,0.0379103042711125,DISTRIBUIDOR MINORISTA DE PRODUCTOS LIQUIDOS S.A.C.,SAN MARTIN DE PORRES,"MZ D, LOTE 2 (INTERSECCION DE AV. CANTA CALLAO Y AV. LOS OLIVOS) ASOCIACION DE VIVIENDA MONTE AZUL",PETROPERU,"-11.983776, -77.098815"
9113,18574,0.04212098191301026,0.04212098191301026,COESTI S.A.,SAN ISIDRO,AV. JAVIER PRADO OESTE NOS. 1895 - 1875 -1899 ESQUINA CON LA AV. LOS CASTAÑOS,PRIMAX,"-12.094975, -77.050375"
18574,9113,0.04212098191301026,0.04212098191301026,SERVICENTRO JULIA S.A.C.,MAGDALENA DEL MAR,AV. JAVIER PRADO OESTE Nº 900-944-950-956. ESQUINA CON AV. JUAN DE ALIAGA,PRIMAX,"-12.095112, -77.050014"
17861,112178,0.04391586273906353,0.04391586273906353,SERVICENTRO PIZARRO S.A.C.,RIMAC,AV. FRANCISCO PIZARRO 800 CON AV. TARAPACA 101,INDEPENDIENTE,"-12.033596, -77.038693"
112178,17861,0.04391586273906353,0.04391586273906353,GAZEL PERÚ S.A.C.,RIMAC,"AV. FRANCISCO PIZARRO 770, 772, 774, 776, 778, 780, 782, 784 Y 786 ESQ. CON AV. FELIPE ARANCIBIA",INDEPENDIENTE,"-12.033827, -77.038365"
8941,34671,0.04873346488708452,0.04873346488708452,SERVICENTRO TACNA S.R.L.,LA VICTORIA,AV. JAIME BAUZATE Y MEZA Nº 801 - 825,REPSOL,"-12.063595, -77.023268"
34671,8941,0.04873346488708452,0.04873346488708452,GRIFO SANTA ROSA S.A.,LA VICTORIA,"AV. BAUZATE MEZA N° 800, ESQUINA JR. MENDOZA MERINO",INDEPENDIENTE,"-12.063907, -77.023584"
14633,21036,0.05163123507852899,0.05163123507852899,REPSOL COMERCIAL S.A.C.,CHORRILLOS,"ESQUINA AV. GUARDIA CIVIL N° 702 Y AV. EL SOL, URB. LA CAMPIÑA",REPSOL,"-12.177859, -76.996405"
21036,14633,0.05163123507852899,0.05163123507852899,REPSOL COMERCIAL S.A.C.,CHORRILLOS,"AV. GUARDIA CIVIL N° 723 - 709 - 715, ESQUINA CON LA AV. EL OL N° 1297 - 1283 - 1275 - 1265, URB. LA CAMPIÑA",REPSOL,"-12.178208, -76.99609"
16622,87014,0.05702429021949265,0.05702429021949265,SERVICENTRO SANTA CECILIA S.A.C.,PUEBLO LIBRE,AV. BOLIVAR 499 ESQUINA CON JR. ISLAS HAWAI,INDEPENDIENTE,"-12.072416, -77.05778"
87014,16622,0.05702429021949265,0.05702429021949265,ABA SINGER & CIA  S.A.C.,PUEBLO LIBRE,"AV. SIMÓN BOLIVAR 496 - 498, ESQUINA JR. BELGRANO 110 - 120",INDEPENDIENTE,"-12.071923, -77.057627"
18824,19957,0.05897751055919702,0.05897751055919702,REPSOL COMERCIAL  S.A.C.,LIMA,"AV. TINGO MARIA N° 994, ESQUINA CON AV. REPUBLICA DE VENEZUELA N° 1820",REPSOL,"-12.055514, -77.058149"
19957,18824,0.05897751055919702,0.05897751055919702,EXPLORIUM S.A.C.,LIMA,AV. VENEZUELA N° 1829 INTERSECCION AV. TINGO MARIA,REPSOL,"-12.056014, -77.057961"
14691,16617,0.059875153568341236,0.059875153568341236,PERUANA DE ESTACIONES DE SERVICIOS S.A.C.,SAN BORJA,AV. JOSE GALVEZ BARRENECHEA ESQ. CON LA CALLE 32,PECSA,"-12.10746, -77.010239"
16617,14691,0.059875153568341236,0.059875153568341236,REPSOL COMERCIAL S.A.C.,SURQUILLO,AV. JOSE GÁLVEZ BARRENECHEA N° 1146 (ANTES AV. PRINCIPAL) ESQ. CON CALLE 32 URB. VILLA VICTORIA,REPSOL,"-12.107493, -77.010788"
16641,16805,0.064134924813002,0.064134924813002,REPSOL COMERCIAL S.A.C.,SANTIAGO DE SURCO,AV. TOMAS MARSANO ESQUINA CON AV. LOS PROCERES,REPSOL,"-12.148146, -76.986047"
16805,16641,0.064134924813002,0.064134924813002,COESTI S.A.,SANTIAGO DE SURCO,ESQ. AV. TOMAS MARSANO Y LOS PROCERES,PRIMAX,"-12.147928, -76.986593"
9520,21052,0.06985977414028331,0.06985977414028331,REPSOL COMERCIAL SAC,LIMA,OSCAR BENAVIDES N° 930,REPSOL,"-12.047235, -77.053539"
21052,9520,0.06985977414028331,0.06985977414028331,COESTI S.A.,LIMA,AV. MARISCAL OSCAR R. BENAVIDES Nº 871 (ANTES: AV. COLONIAL ESQ. AV. TINGO MARIA),PRIMAX,"-12.047858, -77.053644"
18666,21482,0.07396291450302933,0.07396291450302933,LUCILA GONZALES HURTADO DE PALACIOS,SAN MARTIN DE PORRES,"ESQUINA DE LA AV. CANTA CALLAO Y LOS DOMINICOS MZ. E LOTE 7, URB. LAS BRISAS DE SANTA ROSA",INDEPENDIENTE,"-11.991071, -77.106971"
21482,18666,0.07396291450302933,0.07396291450302933,MIOLENA S.A.,SAN MARTIN DE PORRES,"AV. CANTA CALLAO Y CALLE 2 - MZ. F, LT. 19 - 22, 38, 39, URB. BRISAS DE STA ROSA",PETROPERU,"-11.990598, -77.107451"
7086,18871,0.07898861511778568,0.07898861511778568,REPSOL COMERCIAL S.A.C.,SANTIAGO DE SURCO,AV. PROLONGACION PRIMAVERA Nº 1120 MZ. P LOTES 1 Y 2,REPSOL,"-12.110746, -76.979725"
18871,7086,0.07898861511778568,0.07898861511778568,REPSOL COMERCIAL S.A.C.,SAN BORJA,"AV. PRIMAVERA N° 1095, ESQUINA CON CALLE CANARIAS N° 101",REPSOL,"-12.110032, -76.979732"
8228,82460,0.08051173202056977,0.08051173202056977,COESTI S.A.,LIMA,AV. ARGENTINA N° 1801,PRIMAX,"-12.045891, -77.065444"
82460,8228,0.08051173202056977,0.08051173202056977,ENERGIGAS SAC,LIMA,"AV. REPUBLICA DE  ARGENTINA N° 1830 - 1858, ESQUINA CON AV. NICOLAS DUEÑAS",INDEPENDIENTE,"-12.045171, -77.065552"
9622,42755,0.08113174423770073,0.08113174423770073,REPSOL COMERCIAL S.A.C.,SAN ISIDRO,AV. PASEO PARODI 220,REPSOL,"-12.091323, -77.030291"
42755,9622,0.08113174423770073,0.08113174423770073,ANEGADA S.A.C.,SAN ISIDRO,AV. JAVIER PRADO ESTE  N° 311,PRIMAX,"-12.091523, -77.031008"
17868,64036,0.08523114206772532,0.08523114206772532,INVERSIONES JIARA S.A.C.,SAN LUIS,"AV. LAS TORRES N° 508, ESQUINA CON EL JR. MARISCAL ORBEGOSO, URB. EL PINO",INDEPENDIENTE,"-12.069574, -76.988763"
64036,17868,0.08523114206772532,0.08523114206772532,CORGAS S.A.C.,ATE,"AV. LAS TORRES 497, URB. LOS SAUCES",PRIMAX,"-12.070284, -76.988459"
6764,8009,0.08567845560921099,0.08567845560921099,COESTI S.A.,MIRAFLORES,AV. PASEO DE LA REPUBLICA N° 5790-5798,PRIMAX,"-12.123504, -77.024173"
8009,6764,0.08567845560921099,0.08567845560921099,PERUANA DE ESTACIONES DE SERVICIOS S.A.C.,MIRAFLORES,AV. PASEO DE LA REPUBLICA N° 5790-5798,PECSA,"-12.123463, -77.024959"
19951,132204,0.0880552147220392,0.0880552147220392,EXPLORIUM SOCIEDAD ANONIMA CERRADA - EXPLORIUM S.A.C.,LA VICTORIA,ESQ. AV. NICOLAS ARRIOLA N° 2189 Y CALLE ORENGO,REPSOL,"-12.071178, -77.00189"
132204,19951,0.0880552147220392,0.0880552147220392,REPSOL COMERCIAL S.A.C.,SAN LUIS,AV. NICOLAS ARRIOLA N° 2140 ESQUINA CON AV. SAN LUIS,REPSOL,"-12.071956, -77.002061"
19988,38667,0.09040688915522593,0.09040688915522593,INVERSIONES GARAY S.R.L.,SANTA ANITA,"AV. HUANCARAY MZ. A-6, LOTES DEL 44 AL 47, URB. LAS FLORES",PECSA,"-12.038353, -76.954706"
38667,19988,0.09040688915522593,0.09040688915522593,SERVICENTRO EL ASESOR S.A.C.,SANTA ANITA,"AV HUAROCHIRI N° 905, ESQUINA CON AV. HUANCARAY, MZ. H1, LOTES 2,3,4,5 Y 6 URB. EL ASESOR",PETROPERU,"-12.037537, -76.95466"
15206,17879,0.09253307719894562,0.09253307719894562,ESTACION DE SERVICIOS PASO DE LOS ANDES S.A.C.,JESUS MARIA,AV. BRASIL N° 699,INDEPENDIENTE,"-12.066321, -77.046151"
17879,15206,0.09253307719894562,0.09253307719894562,ESTACIONES DE SERVICIO GASOLINAS DE AMERICA SAC,JESUS MARIA,AV. GENERAL GARZON N° 688,INDEPENDIENTE,"-12.066808, -77.04546"
6880,6960,0.09552043971124732,0.09552043971124732,COESTI S.A.,SAN MARTIN DE PORRES,AV. TOMAS VALLE N° 1981. ESQ. CALLE BAQUIJANO Y CARRILLO,PRIMAX,"-12.012899, -77.085499"
6960,6880,0.09552043971124732,0.09552043971124732,EL GRIFITO S.A.,SAN MARTIN DE PORRES,AV. TOMAS VALLE N° 2053 ¿ URB. SAN PEDRO DE GARAGAY,REPSOL,"-12.012595, -77.08632"
16703,19962,0.09638395451551933,0.09638395451551933,PERUANA DE ESTACIONES DE SERVICIOS S.A.C.,MIRAFLORES,AV. PASEO DE LA REPUBLICA N° 5545 ESQUINA CON LA AV. RICARDO PALMA,PECSA,"-12.119433, -77.02522"
19962,16703,0.09638395451551933,0.09638395451551933,ABA SINGER & CIA S.A.C.,MIRAFLORES,"INTERSECCION AV. RICARDO PALMA, MARISCAL CACERES Y MARIANO ODICIO",INDEPENDIENTE,"-12.119964, -77.024518"
89213,21004,0.09651471490059281,0.09651471490059281,CORPORACIÓN VILLAVICENCIO S.A.C.,ATE,"AV. MIGUEL GRAU, SUB LOTE 28-B, URB. SANTA CLARA",REPSOL,"-12.023805, -76.893857"
8546,82834,0.09730286550087602,0.09730286550087602,FORMAS METALICAS S.A.,LIMA,AV. ARGENTINA Nº 915,PECSA,"-12.044736, -77.053803"
82834,8546,0.09730286550087602,0.09730286550087602,SIROCO HOLDINGS SAC,LIMA,AV. ARGENTINA 898,PETROPERU,"-12.044163, -77.053125"
16640,21001,0.0986221515331166,0.0986221515331166,REPSOL COMERCIAL S.A.C.,SAN ISIDRO,AV. DEL PARQUE SUR 285 ESQ. AV.  GUARDIA CIVIL,REPSOL,"-12.102734, -77.014922"
21001,16640,0.0986221515331166,0.0986221515331166,KRE S.A.,SAN ISIDRO,AV. GUARDIA CIVIL N° 1109 ESQ. CON AV. DEL PARQUE SUR N° 314,REPSOL,"-12.103623, -77.014854"
137688,7461,0.1020534481597728,0.1020534481597728,REPSOL COMERCIAL S.A.C.,LA VICTORIA,AV. BAUZATE Y MEZA N° 1050,REPSOL,"-12.0641, -77.020715"
9364,17869,0.1065188329753461,0.1065188329753461,FULL SERVICE LA MOLINA S.A.C.,LA MOLINA,AV. LA MOLINA N° 2421,PRIMAX,"-12.075145, -76.935776"
17869,9364,0.1065188329753461,0.1065188329753461,SERVICENTRO MUSA E.I.R.L.,LA MOLINA,"AV. LA MOLINA ESTE Nº 2295, ESQUINA PUNTA PEJERREY - URB.  EL SOL DE LA MOLINA",PETROPERU,"-12.075225, -76.936751"
8033,40353,0.1068147206365633,0.1068147206365633,SUR EXPORT E.I.R.L.,SANTIAGO DE SURCO,"JR. CERRO AZUL N° 227-233-237, URB. SAN IGNACIO DE MONTERRICO",PRIMAX,"-12.131828, -76.976952"
40353,8033,0.1068147206365633,0.1068147206365633,GASBRA S.A.C.,SANTIAGO DE SURCO,AV. CIRCUNVALACION Nº 377. ESQ. CON PROLONGACION BENAVIDES,PECSA,"-12.130982, -76.977425"
9518,19953,0.10713712867434397,0.10713712867434397,COESTI S.A.,LA VICTORIA,AV. 28 DE JULIO N° 2200,PRIMAX,"-12.061821, -77.018832"
19953,9518,0.10713712867434397,0.10713712867434397,GAZEL PERU S.A.C,LA VICTORIA,"AV. 28 DE JULIO N° 2315, ESQ. CON JR. PARINACOCHAS",REPSOL,"-12.061551, -77.017887"
18687,19962,0.10832631160139461,0.10832631160139461,PERUANA DE ESTACIONES DE SERVICIOS S.A.C.,MIRAFLORES,AV. ANDRES AVELINO CACERES N° 120 ESQ. CON AV. RICARDO PALMA,PECSA,"-12.119947, -77.023523"
13930,35059,0.10961594771704943,0.10961594771704943,COESTI S.A.,SANTIAGO DE SURCO,"AV. ANGAMOS ESTE N° 1159 (ANTES: AV. PRIMAVERA N° 1159), URB. VALLE HERMOSO DE MONTERRICO",PRIMAX,"-12.109859, -76.977316"
35059,13930,0.10961594771704943,0.10961594771704943,REPSOL COMERCIAL S.A.C.,SANTIAGO DE SURCO,AV. PRIMAVERA N° 1204 - 1212 ESQ. CON CALLE JERONIMO DE ALIAGA,REPSOL,"-12.110315, -76.976422"
16644,19958,0.10973002453040008,0.10973002453040008,GRIFOS ESPINOZA S.A.,LIMA,"AV. AREQUIPA  Nº 908, ESQUINA CON JR. EMILIO FERNANDEZ - URB. SANTA BEATRIZ",PRIMAX,"-12.073633, -77.036127"
19958,16644,0.10973002453040008,0.10973002453040008,GRIFO SAN IGNACIO S.A.C.,LIMA,AV. ARENALES N° 881. ESQ. EMILIO FERNANDEZ,REPSOL,"-12.073437, -77.037115"
17944,94684,0.11126728577002773,0.11126728577002773,PERUANA DE ESTACIONES DE SERVICIOS S.A.C.,BREÑA,"AV. ARICA 481, ESQUINA CON JR. GENERAL VARELA Y JR. REBECA OQUENDO",PECSA,"-12.059134, -77.045659"
94684,17944,0.11126728577002773,0.11126728577002773,DUOGAS S.A.,BREÑA,AV. ARICA N° 580 - 590 ESQ. CON JR. JORGE CHAVEZ,PECSA,"-12.05849, -77.046444"
21202,93384,0.11767395124689889,0.11767395124689889,AMADA RAQUEL SOTELO RUEDA,VILLA EL SALVADOR,"ESQ. AV. EL SOL CON AV. PASTOR SEVILLA, SECTOR 2, GRUPO 21-A, MZ. ZC, LT. C",INDEPENDIENTE,"-12.205859, -76.952294"
93384,21202,0.11767395124689889,0.11767395124689889,ESTACION SAN DIEGO SAC,VILLA EL SALVADOR,"AV. EL SOL MZ. J-1, LT. 04, URB. LAS VERTIENTES",PRIMAX,"-12.204965, -76.95288"
7309,8054,0.11791253085851743,0.11791253085851743,PERUANA DE ESTACIONES DE SERVICIOS S.A.C.,SAN MARTIN DE PORRES,AV. UNIVERSITARIA ESQ. AV. ANTUNEZ DE MAYOLO MZ. B LT. 1 Y 2,PECSA,"-11.995854, -77.084998"
8054,7309,0.11791253085851743,0.11791253085851743,PETROCENTRO UNIVERSITARIO S.A.C.,LOS OLIVOS,"AV. UNIVERSITARIA NORTE MZ. C LOTE 1, URB RESIDENCIAL COMERCIAL LOS OLIVOS",INDEPENDIENTE,"-11.995794, -77.083917"
16775,85698,0.12337911942779725,0.12337911942779725,REPSOL COMERCIAL S.A.C.,ATE,AV. NICOLAS AYLLON Nº 1912,REPSOL,"-12.064209, -76.986707"
85698,16775,0.12337911942779725,0.12337911942779725,TERPEL PERU S.A.C.,ATE,AV. NICOLAS AYLLON N° 2039,INDEPENDIENTE,"-12.063649, -76.987687"
14665,16143,0.12412872581505534,0.12412872581505534,INVERSIONES MAVU S.A.C.,LIMA,AV. VENEZUELA N° 3300,INDEPENDIENTE,"-12.059666, -77.078179"
16143,14665,0.12412872581505534,0.12412872581505534,SERVICENTRO ALASPE S.A - COOP DE SERV ESP ALAS PERUANAS,LIMA,"ESQ. DE  LA  AV. VENEZUELA Nº 3343 CON JR.  ARISTIDES DEL CARPIO, URB. INDUSTRIAL PALOMINO",INDEPENDIENTE,"-12.060069, -77.077115"
43627,92272,0.12621743173319164,0.12621743173319164,GRIFOS SOYUZ S.A.,LA VICTORIA,AV. MEXICO N° 333,INDEPENDIENTE,"-12.075795, -77.026806"
92272,43627,0.12621743173319164,0.12621743173319164,JUAN CARLOS PORTUGAL DE LA TORRE,LA VICTORIA,"AV. MEXICO N° 380-390, ESQUINA CON JR. LOS JACINTOS",INDEPENDIENTE,"-12.075923, -77.025654"
21003,33678,0.1275035691926198,0.1275035691926198,PETRO EXPLORIUM S.A.C.,VILLA EL SALVADOR,AV. MARIA REICHE S/N. CON SEPARADORA INDUSTRIAL - URB. PACHACAMAC,PRIMAX,"-12.245972, -76.923554"
33678,21003,0.1275035691926198,0.1275035691926198,ESTACION DE SERVICIOS PERCY CAR S.R.L.,VILLA EL SALVADOR,"AV. PASTOR SEVILLA Y AV. MARIA REICHE, MZ. A, LOTES 6 Y 7, SECTOR 2, 4TA ETAPA, URB. PACHACAMAC",PECSA,"-12.246239, -76.924694"
8176,9532,0.12878529528470226,0.12878529528470226,ESTACION DE SERVICIOS EL PINO E.I.R.L.,SAN LUIS,"JR. MANUEL ECHEANDIA N° 586 ESQ. CON AV. CIRCUNVALACIÓN MZ. A, LOTES 6,7 Y 8, URB. LOTIZACIÓN INDUSTRIAL EL PINO",PRIMAX,"-12.070373, -76.994121"
9532,8176,0.12878529528470226,0.12878529528470226,COMERCIAL HUMAY MAREJA S.A. (GRIFO VIA PUBLICA),SAN LUIS,AV. CIRCUNVALACION N° 1898-A URB. EL PINO,INDEPENDIENTE,"-12.071537, -76.9941"
14645,19958,0.13039320839179988,0.13039320839179988,PERUANA DE ESTACIONES DE SERVICIOS S.A.C.,JESUS MARIA,AV. CUBA N° 116 - 120  ESQ. CON AV. ARENALES N° 990,PECSA,"-12.074599, -77.037316"
14643,88618,0.1311394157646829,0.1311394157646829,EMPRESA INDUSTRIAL COMERCIAL Y DE SERVICIOS MATILDE LEON S.A.,INDEPENDENCIA,AV. TUPAC AMARU MZ. G LT. 1 Y 2 COOP. VIVIENDA SANTA LIGIA,PETROPERU,"-11.977605, -77.059268"
88618,14643,0.1311394157646829,0.1311394157646829,GRUPO DE GESTION C S.A.,INDEPENDENCIA,"AV. GERARDO UNGER Nº 4885, URB NARANJAL",PRIMAX,"-11.976991, -77.060298"
16612,16671,0.13292308173824932,0.13292308173824932,ABA SINGER & CIA. S.A.C.,LIMA,"AV. PETIT THOUARS N° 1148, URB. SANTA. BEATRIZ",INDEPENDIENTE,"-12.07558, -77.034801"
16671,16612,0.13292308173824932,0.13292308173824932,BEMCHO S.A.C.,LIMA,"CALLE SARGENTO VILLAR N° 308, 316, 318. ESQ. CON AV. PETIT THOUARS - URB. SANTA BEATRIZ",PRIMAX,"-12.076681, -77.034312"
16750,42755,0.13716984884347783,0.13716984884347783,KRE S.A.,SAN ISIDRO,AV. PETIT THOUARS  N° 2795,REPSOL,"-12.091303, -77.032248"
9464,100155,0.13789512056760528,0.13789512056760528,COESTI S.A.,LA VICTORIA,"AV. CANADA N 1189 - 1191, ESQ. CON CALLE VICTOR ALZAMORA",PRIMAX,"-12.08373, -77.012545"
100155,9464,0.13789512056760528,0.13789512056760528,COESTI S.A.,LA VICTORIA,"AV. NICOLAS ARRIOLA N° 710, URB. SANTA CATALINA",PRIMAX,"-12.083214, -77.013698"
9616,17880,0.14325413255939295,0.14325413255939295,TERPEL PERU S.A.C.,VILLA EL SALVADOR,"AV. LIMA ESQUINA AV. MARIA REICHE, MZ. C, LOTE 17, AA.HH. VILLA LA PAZ",INDEPENDIENTE,"-12.239638, -76.912927"
17880,9616,0.14325413255939295,0.14325413255939295,ESTACION DE SERVICIOS VILLA S.A.C.,VILLA EL SALVADOR,"AV. MARIA REICHE S/N SECTOR II,AMPLIACION 4TA. ETAPA, SECTOR 2, MZ. N, LOTE 22. PROG.HABITACIONAL PACHACAMAC",REPSOL,"-12.238346, -76.913016"
33342,114073,0.1500167581536036,0.1500167581536036,COESTI S.A.,LA VICTORIA,AV. AVIACIÓN CDRA 15 S/N OVALO ARRIOLA,PRIMAX,"-12.078842, -77.010577"
114073,33342,0.1500167581536036,0.1500167581536036,RED INTERNACIONAL DE COMBUSTIBLE Y SERVICIO AUTOMOTRIZ S.R.L.,LA VICTORIA,AV. NICOLAS ARRIOLA N° 1003,INDEPENDIENTE,"-12.078145, -77.011759"
8247,19963,0.15042599561543682,0.15042599561543682,ASESORIA COMERCIAL S.A.,MIRAFLORES,AV. EL EJERCITO N° 412-422,PRIMAX,"-12.11639, -77.044831"
19963,8247,0.15042599561543682,0.15042599561543682,REPSOL COMERCIAL S.A.C.,MIRAFLORES,AV. DEL EJERCITO N° 290,REPSOL,"-12.117491, -77.04402"
18704,19981,0.15072227304368677,0.15072227304368677,CORPORACION GEAMAR  S.A.C.,SAN MARTIN DE PORRES,"AV. CARLOS  IZAGUIRRE  MZ. D LTES. 4, 5 Y 6.  URBANIZACION CALIFORNIA",PRIMAX,"-11.989465, -77.104931"
19981,18704,0.15072227304368677,0.15072227304368677,ESTACION SANTA RITA S.A.C.,SAN MARTIN DE PORRES,INTERSECCION DE LA AUTOPISTA CANTA CALLAO Y LA AV. CARLOS IZAGUIRRE,PETROPERU,"-11.989272, -77.106301"
18289,116243,0.1514939781850382,0.1514939781850382,GASBRA S.A.C.,LA VICTORIA,AV. PASEO DE LA REPUBLICA ESQUINA CON AV. ISABEL LA CATOLICA,PECSA,"-12.070411, -77.031148"
116243,18289,0.1514939781850382,0.1514939781850382,CENTROGAS IQUITOS S.A.C.,LA VICTORIA,"AV. IQUITOS 967-969,973-979,983-989-993-997-999 Y AV. ISABEL LA CATÓLICA 201-203,221-229,233",PRIMAX,"-12.070201, -77.029773"
15219,15223,0.15270185876615527,0.15270185876615527,JAIME OLIVER S.A.C.,JESUS MARIA,ESQUINA AV. SALAVERRY Y AV. CUBA,REPSOL,"-12.075134, -77.041805"
15223,15219,0.15270185876615527,0.15270185876615527,JAIME OLIVER S.A.C.,JESUS MARIA,AV. SALAVERRY ESQ. AV. MARIATEGUI,REPSOL,"-12.076514, -77.041838"
8224,21052,0.15865443649381492,0.15865443649381492,REPSOL COMERCIAL S.A.C.,BREÑA,ESQ. AV. ZORRITOS Y AV. TINGO MARIA,REPSOL,"-12.049292, -77.05362"
19952,19951,0.16559068690457387,0.16559068690457387,SERVICENTRO TITI S.A.C.,LA VICTORIA,ESQUINA DE AV. SAN LUIS CON PABLO PATRÓN  120 URB. SAN PABLO,REPSOL,"-12.070859, -77.003376"
31927,116243,0.16668681763244061,0.16668681763244061,REPSOL COMERCIAL S.A.C.,LA VICTORIA,AV. IQUITOS N° 1100. ESQUINA CON JIRON ITALIA N° 100,REPSOL,"-12.071697, -77.029956"
9515,19945,0.16881740616269592,0.16881740616269592,SERVICENTRO SHALOM S.A.C.,LIMA,AV. NACIONES UNIDAS 1222. ESQUINA CON JR. ALEMANIA,PETROPERU,"-12.049312, -77.059888"
19945,9515,0.16881740616269592,0.16881740616269592,PERUANA DE ESTACIONES DE SERVICIOS S.A.C.,LIMA,AV. OSCAR R. BENAVIDES N° 1380,PECSA,"-12.047819, -77.059567"
20982,45240,0.17344410816119946,0.17344410816119946,ESTACION DE SERVICIOS LOS OLIVOS S. A. C.,LOS OLIVOS,"AV. UNIVERSITARIA CDRA. 51, ESQUINA CON CALLE A",PRIMAX,"-11.975988, -77.077122"
45240,20982,0.17344410816119946,0.17344410816119946,ESTACION DE SERVICIOS GRIFO SANTA EULALIA S.R.L.,LOS OLIVOS,"AV. UNIVERSITARIA ESQUINA CON LA AV. NARANJAL, MANZANA A, LOTES 1, 2, 3, 4, 5, 23, 24, 25 Y 26 DEL A. H. 19 DE MAYO",PRIMAX,"-11.977387, -77.077841"
9484,116243,0.1736411970522239,0.1736411970522239,ENERGIGAS S.A.C.,LA VICTORIA,"AV. MANCO CAPAC N° 993, ESQUINA CON AV. ISABEL LA CATOLICA",INDEPENDIENTE,"-12.070018, -77.028189"
6870,16806,0.17488148539781967,0.17488148539781967,EMPRESA GRUPO QUINTO S.A.,LOS OLIVOS,ESQ. AV. UNIVERSITARIA Y AV. CARLOS ALBERTO IZAGUIRRE,REPSOL,"-11.991006, -77.081188"
16806,6870,0.17488148539781967,0.17488148539781967,EMPRESA DE TRANSPORTES E IMPORTACIONES Y SERVICIOS  S.A.,LOS OLIVOS,"AV UNIVERSITARIA ESQ. CARLOS IZAGUIRRE, MZ. A LOTES 1 2 3 Y 4 ASOCIACION DE VIVIENDA SAN JUAN DE DIOS",PETROPERU,"-11.992282, -77.082136"
6961,19953,0.1749968365763708,0.1749968365763708,PEBSA COMBUSTIBLES S.A.,LA VICTORIA,AV. BAUZATE Y MEZA N°. 1387 .ESQ. JR. GARIBALDI,INDEPENDIENTE,"-12.062844, -77.016961"
8035,87554,0.1761408646388576,0.1761408646388576,BRATA S.R.LTDA.,SAN BORJA,AV. JAVIER PRADO ESTE N° 3095 ESQUINA CON AV. AGUSTÍN DE LA ROSA TORO URB. JACARANDA II,REPSOL,"-12.085991, -76.99314"
87554,8035,0.1761408646388576,0.1761408646388576,REPSOL COMERCIAL S.A.C.,SAN BORJA,AV. JAVIER PRADO ESTE Nº 3160,REPSOL,"-12.086876, -76.991795"
17904,19942,0.1792587376549941,0.1792587376549941,NEGOCIACION OLIMPO S.A.,ATE,"AV. SEPARADORA INDUSTRIAL MZ. A, LTS. 32,35 URB. OLIMPO",PETROPERU,"-12.072179, -76.981323"
19942,17904,0.1792587376549941,0.1792587376549941,ESTACION DE SERVICIO HORNA S.R.L.,ATE,ESQ. AV. SEPARADORA INDUSTRIAL N° 809,INDEPENDIENTE,"-12.071415, -76.982775"
14646,18830,0.18238097996440067,0.18238097996440067,COESTI S.A.,JESUS MARIA,AV. FAUSTINO SANCHEZ CARRION Nº 471 ESQUINA CON JR. ESTADOS UNIDOS,PRIMAX,"-12.089059, -77.058778"
18830,14646,0.18238097996440067,0.18238097996440067,PERUANA DE ESTACIONES DE SERVICIOS S.A.C.,MAGDALENA DEL MAR,"AV. FAUSTINO SANCHEZ CARRION, ESQUINA CON AV. JUAN DE ALIAGA",PECSA,"-12.090321, -77.0577"
19944,62240,0.18657761316412244,0.18657761316412244,REPSOL COMERCIAL S.A.C.,BREÑA,AV. REPUBLICA DE VENEZUELA N° 1315,REPSOL,"-12.055631, -77.052621"
62240,19944,0.18657761316412244,0.18657761316412244,ADMINISTRADORA DE SERVICIOS Y ASOCIADOS S.A.C.,BREÑA,AV. ARICA N° 1301,INDEPENDIENTE,"-12.056514, -77.054081"
18401,15206,0.1932472926711282,0.1932472926711282,GASOLINERAS  S.A.C.,LIMA,AV. 28 DE JULIO 159. ESQUINA CON AV. BRASIL,PETROPERU,"-12.064965, -77.045032"
7524,104494,0.1932922517661212,0.1932922517661212,LUBRIGAS S.R.LTDA.,ATE,CARRETERA CENTRAL KM. 2.5. LOTE 6-A1,PRIMAX,"-12.050743, -76.954605"
104494,7524,0.1932922517661212,0.1932922517661212,DELTA ATE E.I.R.L.,ATE,"AV. NICOLAS AYLLON Nº 3620, CARRETERA CENTRAL ESQUINA CON AV. ATE",PETROPERU,"-12.050044, -76.952978"
6826,20129,0.1934418586056826,0.1934418586056826,REPSOL COMERCIAL S.A.C,LA MOLINA,AV. RAUL FERRERO N° 1313B CON CALLE LAS RETAMAS URB. LOS SIRIUS I ETAPA,REPSOL,"-12.090971, -76.95119"
20129,6826,0.1934418586056826,0.1934418586056826,COESTI S.A.,LA MOLINA,ESQ. AV. RAUL FERRERO CON AV. ALAMEDA DEL CORREGIDOR,PRIMAX,"-12.091826, -76.95274"
16817,38655,0.1949541415089279,0.1949541415089279,ESTACION DE SERVICIOS MONTE EVEREST S.A.C.,SURQUILLO,"AV. AVIACION N° 4269,4285 Y CALLE CLARA BARTON N° 121",INDEPENDIENTE,"-12.11791, -76.998395"
38655,16817,0.1949541415089279,0.1949541415089279,PERUANA DE ESTACIONES DE SERVICIOS S.A.C.,SURQUILLO,AV. AVIACION N° 4524 ESQUINA CON LA AV. VILLARAN,PECSA,"-12.119663, -76.998579"
6824,16439,0.1962164433923104,0.1962164433923104,REPSOL COMERCIAL S.A.C.,ATE,AV. LA MOLINA N° 448,REPSOL,"-12.061904, -76.961584"
16439,6824,0.1962164433923104,0.1962164433923104,GAS ESCORPIO S.R.L.,ATE,"AV. LA MOLINA N° 377-397, PARCELA SEMIRUSTICA LA MOLINA, MZ. D, PARCELA 4",INDEPENDIENTE,"-12.060137, -76.961741"
9329,18550,0.20152299873812335,0.20152299873812335,SERVICENTRO LA ALAMEDA S.A.C.,CHORRILLOS,AV. ALAMEDA SUR  ESQ. ON CALLE LOS KEROS  MZ. Q LTE. 11  URB. SAN JUAN BAUTISTA DE VILLA,PECSA,"-12.194999, -77.009416"
18550,9329,0.20152299873812335,0.20152299873812335,REPSOL COMERCIAL S.A.C.,CHORRILLOS,"AV. ALAMEDA SUR INTERSECCION CON LA AV. SAN MARCOS TERCERA ETAPA, SECTOR 2, MZ. C3-1 LT.1",REPSOL,"-12.196624, -77.010253"
9087,39783,0.2062145750009309,0.2062145750009309,ASESORIA COMERCIAL S.A.,PUEBLO LIBRE,AV. SUCRE N° 1070,PRIMAX,"-12.081322, -77.066619"
39783,9087,0.2062145750009309,0.2062145750009309,ENERGIGAS S.A.C.,PUEBLO LIBRE,"AV. LA MARINA N° 589, ESQUINA CON AV. SUCRE N° 1201-1203",INDEPENDIENTE,"-12.083074, -77.067266"
6957,89061,0.21010045150067133,0.21010045150067133,COESTI S.A.,SAN MIGUEL,AV. LA MARINA N° 2001 ESQ. CON UNIVERSITARIA,PRIMAX,"-12.07874, -77.081999"
89061,6957,0.21010045150067133,0.21010045150067133,GAS POINT S.A.C,PUEBLO LIBRE,AV. UNIVERSITARIA ESQ. CON CALLE NN1,INDEPENDIENTE,"-12.077304, -77.080736"
7170,18872,0.21694678435144088,0.21694678435144088,PERUANA DE ESTACIONES DE SERVICIOS S.A.C.,LIMA,AV. COLONIAL N° 300 (ANTES AV. OSCAR R. BENAVIDES) ESQUINA CON JR. ASCOPE,PECSA,"-12.046357, -77.045781"
18872,7170,0.21694678435144088,0.21694678435144088,REPSOL COMERCIAL S.A.C.,LIMA,"AV. COLONIAL N° 140, 160, 164, 178, ESQUINA CON JR. HUAROCHIRI N° 591",REPSOL,"-12.046282, -77.04379"
9220,18351,0.22749652513471708,0.22749652513471708,REPSOL COMERCIAL S.A.C,SURQUILLO,AV. ANDRES ARAMBURU N 904 - 908,REPSOL,"-12.102437, -77.020971"
18351,9220,0.22749652513471708,0.22749652513471708,ASESORIA COMERCIAL S.A.,SAN ISIDRO,AV REPUBLICA DE PANAMA  3690-3696,PRIMAX,"-12.101517, -77.019102"
16781,19948,0.22808571017163667,0.22808571017163667,CIRILA SIMEONA RIVERA CACERES,EL AGUSTINO,"AA. HH. VICENTELO BAJO, COMITE 3, MZ. G (PISTA AUXILIAR VIA EVITAMIENTO - PUENTE PEDRO HUILCA)",INDEPENDIENTE,"-12.029552, -77.000731"
19948,16781,0.22808571017163667,0.22808571017163667,REPSOL COMERCIAL S.A.C.,EL AGUSTINO,AV. PRIMERO DE MAYO N° 3090,REPSOL,"-12.029689, -76.998641"
6914,18533,0.23129907377286438,0.23129907377286438,GRIFO DENNIS S.A.C.,INDEPENDENCIA,AV. CHINCHAYSUYO 315. ESQ. CON CALLE UNO,PRIMAX,"-11.978653, -77.054476"
18533,6914,0.23129907377286438,0.23129907377286438,PEREGRINA TRONCOS ABAD VDA. DE GALVEZ,INDEPENDENCIA,"AV. CHINCHAYSUYO Nº 402 - 404, URB. TAHUANTINSUYO",PETROPERU,"-11.978391, -77.052369"
7058,19968,0.23131295305170468,0.23131295305170468,INVERSIONES PICORP S.A.C.,RIMAC,JR. VIRU Nº 606,PRIMAX,"-12.038018, -77.035457"
19968,7058,0.23131295305170468,0.23131295305170468,JOSCHAM S.A.C.,RIMAC,"AV. LOS PROCERES Nº 199 - 199A, ESQUINA CON JR. GAMARRA",PETROPERU,"-12.036799, -77.037183"
8258,9080,0.23258985388510497,0.23258985388510497,PERUANA DE ESTACIONES DE SERVICIOS S.A.C.,LINCE,AV. AREQUIPA N° 1890 ESQUINA CON AV. JOSE PARDO DE ZELA,PECSA,"-12.083405, -77.034879"
9080,8258,0.23258985388510497,0.23258985388510497,SOCIEDAD ROALEZ S.A.C.,LINCE,AV. ARENALES Nº 1700,PETROPERU,"-12.081732, -77.036173"
7089,7524,0.23377111583814017,0.23377111583814017,ESTACION CORMAR S.A.,ATE,AV. CARRETERA CENTRAL S/N KM. 2.5 VITARTE ESQ. AV. INGENIEROS URB. BUENOS AMIGOS,PECSA,"-12.051623, -76.956557"
38192,9039,0.23421458003146103,0.23421458003146103,CONSORCIO KINZUKO S.A.C.,SAN MARTIN DE PORRES,"AV. CANTA CALLAO -  MZ. J, LT. 16, 17, 18 Y 19. URB LAS BRISAS",REPSOL,"-11.985445, -77.100649"
8583,44240,0.2343898448958456,0.2343898448958456,PETROSUR S.A.C.,VILLA EL SALVADOR,CARRETERA PANAMERICANA SUR KM. 19.5,PECSA,"-12.223294, -76.974731"
44240,8583,0.2343898448958456,0.2343898448958456,TERMINAL TERRESTRE ICA S.A.,VILLA EL SALVADOR,CARRETERA PANAMERICANA SUR KM 19.8,INDEPENDIENTE,"-12.224563, -76.973006"
18883,16622,0.23542800526317603,0.23542800526317603,REPSOL COMERCIAL S.A.C,PUEBLO LIBRE,"AV. BOLIVAR N° 330, ESQ. AV. DEL RIO",REPSOL,"-12.073267, -77.055798"
6780,19984,0.23902724340083434,0.23902724340083434,ASESORIA COMERCIAL S.A.,SAN MIGUEL,AV. ELMER FAUCETT NO. 384,PRIMAX,"-12.067113, -77.097138"
19984,6780,0.23902724340083434,0.23902724340083434,REPSOL COMERCIAL S.A.C.,SAN MIGUEL,AV. ELMER FAUCETT N° 477-481 URB. MARANGA,REPSOL,"-12.064982, -77.097501"
8935,116829,0.25264761355405885,0.25264761355405885,CARLOS ARMANDO PALACIOS GAMARRA,ATE,CARRETERA CENTRAL KM. 14.5,INDEPENDIENTE,"-12.006655, -76.850352"
116829,8935,0.25264761355405885,0.25264761355405885,SERVICIOS MULTIPLES Y TRANSPORTES W.W.C. S.R.L.,ATE,CARRETERA CENTRAL KM 14.800 ESQUINA  CON AV. GLORIA,PECSA,"-12.007072, -76.852633"
8518,63899,0.2532086764581393,0.2532086764581393,CHIE S.A.C.,BREÑA,"JR. ORBEGOZO Nº 300, ESQUINA CON JR. HUARAZ",INDEPENDIENTE,"-12.066218, -77.05041"
63899,8518,0.2532086764581393,0.2532086764581393,CORPORACION LUMAR S.A.C,BREÑA,JR. HUARAZ N° 1484 - 1494 ESQUINA CON JR. RESTAURACION,INDEPENDIENTE,"-12.064626, -77.048739"
16723,6824,0.25464794840026406,0.25464794840026406,SERVICENTRO SMILE S.A.,ATE,"CALLE LOS ORFEBREROS N° 129, URB. INDUSTRIAL EL ARTESANO",PETROPERU,"-12.063466, -76.963302"
7039,16670,0.25495259945903337,0.25495259945903337,REPSOL COMERCIAL S.A.C.,MIRAFLORES,AV. ANGAMOS OESTE N° 1685,REPSOL,"-12.110759, -77.046337"
16670,7039,0.25495259945903337,0.25495259945903337,VELDI S.A,MIRAFLORES,INTERSECCION DE LA AV. GENERAL CORDOVA N° 1025 Y AV. HIPOLITO UNANUE N° 370.,PRIMAX,"-12.109508, -77.048304"
7955,6957,0.25524529185545386,0.25524529185545386,COESTI S.A.,SAN MIGUEL,AV. LA MARINA N° 2185  (AV. LA MARINA INT. AV. RIVA AGUERO Y CALLE 39),PRIMAX,"-12.078484, -77.084329"
18825,94684,0.26122107003762146,0.26122107003762146,GRIFO VICTORIA E.I.R.L.,BREÑA,JR. JORGE CHAVEZ 1087 ESQ. JR. OLMEDO N° 498,INDEPENDIENTE,"-12.060024, -77.048268"
7322,88618,0.26399639819640663,0.26399639819640663,TRANSPORTES Y SERVICIOS SANTA CRUZ  S.A.,INDEPENDENCIA,AV NARANJAL N° 299 URB NARANJAL,INDEPENDIENTE,"-11.977389, -77.062688"
7041,41547,0.26792215302571515,0.26792215302571515,REPSOL COMERCIAL S.A.C.,SANTIAGO DE SURCO,AV. ROOSELVELT Y  PARQUE ALTO CDRA 6,REPSOL,"-12.146677, -77.009386"
41547,7041,0.26792215302571515,0.26792215302571515,PERUANA DE ESTACIONES DE SERVICIOS S.A.C.,SANTIAGO DE SURCO,"AV. JORGE CHAVEZ N° 870 - 877, ESQ. AV. ROOSVELT",PECSA,"-12.146824, -77.011843"
8268,14682,0.26954365837126515,0.26954365837126515,INVERSIONES Y COMERCIALIZACION MAKA S.A.,LA MOLINA,"AV. LOS FRUTALES N° 994, ESQUINA ARCOS DE LA FRONTERA",PRIMAX,"-12.072955, -76.96488"
14682,8268,0.26954365837126515,0.26954365837126515,REPSOL COMERCIAL S.A.C.,LA MOLINA,AV. JAVIER PRADO ESTE N° 5313 CON AV. LOS FRUTALES,REPSOL,"-12.075131, -76.963766"
16796,21036,0.27203180612614153,0.27203180612614153,PETRO EXPLORIUM S.A.C.,CHORRILLOS,LOTE N° 08 MZ. M URB. LA CAMPIÑA 3ERA ETAPA,REPSOL,"-12.179755, -76.998033"
6898,14725,0.27205177639757466,0.27205177639757466,SERVICENTRO GREEN PLACE S.A.C.,SAN MARTIN DE PORRES,AV. PERU N° 3398,PECSA,"-12.030892, -77.083671"
14725,6898,0.27205177639757466,0.27205177639757466,KYT S.A.C,SAN MARTIN DE PORRES,AV. PERU N° 3207 ANTES ESQUINA DE CAMANA CON AV. PERU,REPSOL,"-12.031615, -77.081283"
6752,9511,0.2739862869193782,0.2739862869193782,INVERSIONES HUANDOY S.R.L.,SAN MARTIN DE PORRES,LT. 23 DE LA MANZANA N2 - II ETAPA URB. LOS NARANJOS,INDEPENDIENTE,"-11.976618, -77.084014"
9511,6752,0.2739862869193782,0.2739862869193782,ESTACION DE SERVICIOS OTOÑO S.A.C.,LOS OLIVOS,"AV. LOS PROCERES MZ. A LOTES 39,40. AA.HH. LOS JAZMINES",PRIMAX,"-11.979094, -77.084077"
18307,9622,0.27521980539000573,0.27521980539000573,APOLLOS MARKET S.A.C.,LINCE,AV. PROLONGACION IQUITOS CDRA. 25 S/N.,INDEPENDIENTE,"-12.089008, -77.029365"
17859,34671,0.27628110316121496,0.27628110316121496,MERRILL PERU ENTERPRISES S.A.C.,LA VICTORIA,"JR. ABTAO N° 784, ESQ. CON JR. HIPOLITO UNANUE",PRIMAX,"-12.066186, -77.022546"
7417,9484,0.281341887694703,0.281341887694703,IMPORTACIONES DIANA S.A,LA VICTORIA,AV. ISABEL LA CATOLICA N° 690 ESQUINA CON CALLE ANDAHUAYLAS,PETROPERU,"-12.069944, -77.025606"
8705,37610,0.28464338976143627,0.28464338976143627,PROCESADORA Y OPERADORA DE COMBUSTIBLES DEL PERU S.A.C.,LIMA,AV. MARISCAL OSCAR R. BENAVIDES N° 1623 - 1657,INDEPENDIENTE,"-12.048627, -77.06249"
37610,8705,0.28464338976143627,0.28464338976143627,REPSOL COMERCIAL S.A.C.,LIMA,AV. COLONIAL N° 1817 - 1821,REPSOL,"-12.048818, -77.065097"
6746,21557,0.2867002799942388,0.2867002799942388,CORPORACION VISTA ALEGRE S.A.C.,ATE,AV. NICOLAS AYLLON 4706 (LOTE A - FUNDO VISTA ALEGRE),PRIMAX,"-12.037623, -76.931151"
21557,6746,0.2867002799942388,0.2867002799942388,GRIFO PARQUE INDUSTRIAL EL ASESOR S.A.C.,ATE,ESQUINA AV. C Y CALLE 5 PARQUE INDUSTRIAL EL ASESOR,PETROPERU,"-12.038257, -76.933704"
17907,8935,0.28740330619636684,0.28740330619636684,ECAMEL S.A.C.,ATE,CARRETERA CENTRAL KM. 15.1,INDEPENDIENTE,"-12.006161, -76.847761"
8479,8586,0.287463484140957,0.287463484140957,PERUANA DE ESTACIONES DE SERVICIOS S.A.C.,SAN MIGUEL,"AV. LA PAZ 1200, ESQUINA CALLE FRANCISCO DE ZELA",PECSA,"-12.085121, -77.093773"
8586,8479,0.287463484140957,0.287463484140957,COESTI S.A.,SAN MIGUEL,AV. LA PAZ N° 915. ESQ. CON CALLE INCLAN,PRIMAX,"-12.086534, -77.091557"
7004,45439,0.287558653076062,0.287558653076062,INVERSIONES OCTANO S.A.,LA VICTORIA,JR. LUNA PIZARRO N° 696,REPSOL,"-12.066877, -77.027397"
45439,7004,0.287558653076062,0.287558653076062,MERRILL PERU ENTERPRISES S.A.C.,LA VICTORIA,AV. JAIME BAUZATE Y MEZA N° 564-568,PRIMAX,"-12.064357, -77.026749"
82159,121126,0.28772087213351616,0.28772087213351616,INVERSIONES PACO HUAYCAN S.A.C.,ATE,"AV. ANDRES AVELINO CACERES LOTE 9-10, MZ.P, AA. HH. HUAYCAN",INDEPENDIENTE,"-12.016467, -76.816936"
121126,82159,0.28772087213351616,0.28772087213351616,INVERSIONES HM SEÑOR DE MURUHUAY SAC,ATE,"AV. ANDRES AVELINO CACERES LT 15, ZONA H,  PJ PROYECTO ESPECIAL HUAYCAN",INDEPENDIENTE,"-12.017948, -76.814764"
9635,18822,0.2883163038806711,0.2883163038806711,GRIFOSA S.A.C.,LIMA,AV. OSCAR R. BENAVIDES NO. 2398,PETROPERU,"-12.048951, -77.071758"
18822,9635,0.2883163038806711,0.2883163038806711,REPSOL COMERCIAL S.A.C.,LIMA,AV. REPUBLICA DE ARGENTINA N° 2501 ¿ 2505 CON JR. LEONARDO ARRIETA N° 760 - 786,REPSOL,"-12.046469, -77.072566"
16616,21031,0.2900249100670404,0.2900249100670404,COESTI S.A.,CHORRILLOS,ESQ. DE LA AV. DEFENSORES DEL MORRO N° 360 CON LA AV. ALFONSO UGARTE,PRIMAX,"-12.168021, -77.025747"
21031,16616,0.2900249100670404,0.2900249100670404,GRIFO SAN IGNACIO S.A.C.,CHORRILLOS,ESQ. AV. HUAYLAS N° 600 CON JR. JUSTO NAVEDA N° 121,REPSOL,"-12.169908, -77.023897"
15207,16645,0.2932875274276597,0.2932875274276597,COESTI S.A.,SAN BORJA,ESQ. DE LA AV. SAN LUIS N° 2605 CON SAN BORJA SUR,PRIMAX,"-12.10087, -76.994562"
16645,15207,0.2932875274276597,0.2932875274276597,PERUANA DE ESTACIONES DE SERVICIOS S.A.C.,SAN BORJA,AV. SAN LUIS Nº 2480,PECSA,"-12.098289, -76.995178"
6781,8258,0.29583664565598566,0.29583664565598566,ASESORIA COMERCIAL S.A.,LINCE,AV. ARENALES N° 2100,PRIMAX,"-12.086005, -77.035515"
40709,6824,0.29751980648000054,0.29751980648000054,COESTI S.A.,LA MOLINA,"AV. LA MOLINA Nº 580, ESQ. CON LA CALLE LAS MANDARINAS",PRIMAX,"-12.064314, -76.960371"
6788,8887,0.2978516462930593,0.2978516462930593,REPSOL COMERCIAL S.A.C,SURQUILLO,AV. REPUBLICA DE PANAMA N° 4101 ESQ. AV. TOMAS MARSANO,REPSOL,"-12.105772, -77.01842"
8887,6788,0.2978516462930593,0.2978516462930593,ESTACION DE SERVICIOS MASUR S.A.C.,SURQUILLO,AV. REPUBLICA DE PANAMA 4361-4395 ESQUINA CON JR. SALAVERRY,REPSOL,"-12.108463, -77.018329"
8101,8336,0.2979436768032492,0.2979436768032492,REPSOL COMERCIAL S.A.C.,LA VICTORIA,AV. JAVIER PRADO ESTE Nº 1099 INTER. CON LA AV. NICOLAS ARRIOLA,REPSOL,"-12.089763, -77.017714"
8336,8101,0.2979436768032492,0.2979436768032492,COESTI S.A.,LA VICTORIA,AV. JAVIER PRADO ESTE N° 1059,PRIMAX,"-12.090078, -77.020432"
130775,8479,0.29856781056855886,0.29856781056855886,ESTACION DE SERVICIOS GAMARRA S.A.C.,SAN MIGUEL,"AV. LA PAZ Y CALLE GRAN MARISCAL AGUSTIN GAMARRA MESSIA (ANTES JIRON) DENOMINADO LOTE 246, SUBLOTE A,B,C Y D DE LA MZ. 14 URBANIZACIÓN MIRAMAR",PECSA,"-12.083928, -77.096233"
8698,20982,0.2993408331678622,0.2993408331678622,C & E GRIFOS S.A.C.,LOS OLIVOS,"AV.UNIVERSITARIA NORTE CUADRA 53, MZ. P,LOTES 1,2,3,4,39,40,41 Y 42",REPSOL,"-11.973352, -77.076501"
7010,18869,0.30083261955100205,0.30083261955100205,GUIDO JAIME ARIAS VICUÑA,LA VICTORIA,AV. MEXICO N° 1291-1295 ESQUINA CON JR. PARINACOCHAS,REPSOL,"-12.073122, -77.016667"
18869,7010,0.30083261955100205,0.30083261955100205,SERVICENTRO Y AFINES LAS AMERICAS E.I.R.L.,LA VICTORIA,AV. LAS AMERICAS ESQUINA AV. PARINACOCHAS N° 1683,PETROPERU,"-12.075838, -77.016528"
16737,6880,0.3009844190920627,0.3009844190920627,INVERSIONES EL PIBE S.A.C.,SAN MARTIN DE PORRES,"AV. TOMAS VALLE MZ. I, LOTE 9 - A, URB. SAN PEDRO DE GARAGAY",PECSA,"-12.013324, -77.082769"
7042,9012,0.3010280545541204,0.3010280545541204,REPSOL COMERCIAL S.A.C,SAN ISIDRO,"AV. DOS DE MAYO  1340 - 1380, URB. RISSO",REPSOL,"-12.092135, -77.044943"
9012,7042,0.3010280545541204,0.3010280545541204,WO S.A.,SAN ISIDRO,AV. GUILLERMO PRESCOTT Nº 202 ESQ. CALLE BARCELONA,REPSOL,"-12.091332, -77.047585"
21397,42387,0.30841766785332114,0.30841766785332114,NESTOR SALCEDO GUEVARA,ATE,CARRETERA CENTRAL KM. 16.50,INDEPENDIENTE,"-12.000824, -76.839451"
42387,21397,0.30841766785332114,0.30841766785332114,PERUANA DE ESTACIONES DE SERVICIOS S.A.C.,ATE,"CARRETERA CENTRAL KM. 16 (AV. NICOLAS AYLLON S/N, MZ. A, LOTE 1, PROGRAMA DE VIVIENDA LAS PRADERAS)",PECSA,"-12.002236, -76.841893"
6765,9537,0.3093894971926369,0.3093894971926369,COESTI S.A.,SAN ISIDRO,AV. REPUBLICA DE COLOMBIA N 105-109,PRIMAX,"-12.098737, -77.032165"
9537,6765,0.3093894971926369,0.3093894971926369,GRIFO DENNIS S.A.C.,SAN ISIDRO,AV. PETIT THOUARS N° 3929,PRIMAX,"-12.101167, -77.030758"
7768,45081,0.3100585823349041,0.3100585823349041,COMERCIALIZADORA E IMPORTADORA JOSE OLAYA S.A.,SANTA ANITA,"AV. LOS CHANCAS 502 - 504, COOPERATIVA ANDAHUAYLAS",PETROPERU,"-12.038344, -76.964957"
45081,7768,0.3100585823349041,0.3100585823349041,FLORENCIA SOTO LOARDO,SANTA ANITA,AV. LOS CHANCAS CON CALLE N° 8. LOTE 26-27. ASOCIACIÓN DE VIVIENDA LOS PINOS,PRIMAX,"-12.036958, -76.962482"
96681,21397,0.31208204624200947,0.31208204624200947,EMPRESA DE SERVICIOS Y TRANSPORTES EL NEGRO E.I.R.L.,ATE,"MZ A LT 1,2,3,4,5 Y 6 DEL PROGRAMA DE VIVIENDA Y COMERCIO LAS PRADERAS DE PARIACHI",PECSA,"-11.999097, -76.837185"
14715,85698,0.3160650761388495,0.3160650761388495,MIDAS GAS S.A.,SAN LUIS,AV. NICOLAS ARRIOLA N° 3191,INDEPENDIENTE,"-12.064706, -76.990384"
6783,8101,0.31724107822294706,0.31724107822294706,ASESORIA COMERCIAL S.A.,LA VICTORIA,AV. NICOLAS ARRIOLA N° 295. URB. SANTA CATALINA,PRIMAX,"-12.087193, -77.016421"
19982,6870,0.31843177351483687,0.31843177351483687,REPSOL COMERCIAL S.A.C.,SAN MARTIN DE PORRES,AV. UNIVERSITARIA NORTE N° 2901,REPSOL,"-11.988129, -77.081092"
40437,83004,0.3243505936525461,0.3243505936525461,GRUPO ALMONACID S.A.C.,LOS OLIVOS,"AV. LOS PROCERES MZ . NN-2, LOTES 1-6 URB. PUERTA DE PRO 2DA ETAPA",REPSOL,"-11.946136, -77.077449"
83004,40437,0.3243505936525461,0.3243505936525461,ADA PEREGRINA GALVEZ TRONCOS,LOS OLIVOS,ESQUINA AV. PROCERES Y AV. PORTALES. MZ. V-4. LOTE 66. URB. PRO,PETROPERU,"-11.943204, -77.077429"
19966,39783,0.32460346705514265,0.32460346705514265,GRIFO SAN IGNACIO S.A.C.,PUEBLO LIBRE,"AV. LA MARINA N° 325, ESQ. JR. TORRE TAGLE",REPSOL,"-12.08457, -77.064701"
42769,82460,0.3246050257970283,0.3246050257970283,REPSOL COMERCIAL S.A.C.,LIMA,"AV. NICOLAS DUEÑAS N° 606, 610, 616 (ANTES AV. NICOLAS DUEÑAS N° 590. CDRA 17 DE LA AV. ARGENTINA)",REPSOL,"-12.04225, -77.065836"
9146,100155,0.32483855136353845,0.32483855136353845,REPSOL COMERCIAL S.A.C,LA VICTORIA,AV. CANADA Nº 965 URBANIZACION SANTA CATALINA,REPSOL,"-12.08213, -77.016471"
15666,21032,0.3275676489074757,0.3275676489074757,BAC PETROL S.A.C.,CHORRILLOS,AV. GUARDIA CIVIL Nº 203. ESQUINA AV. LOS GORRIONES,REPSOL,"-12.184444, -77.006148"
21032,15666,0.3275676489074757,0.3275676489074757,COESTI S.A.,CHORRILLOS,AV. GUARDIA CIVIL NRO. 333,PRIMAX,"-12.183783, -77.003214"
15731,19989,0.330059846237135,0.330059846237135,ESTACION DE SERVICIOS BOLIVAR S.A.,SANTIAGO DE SURCO,AV. SANTIAGO DE SURCO Nº 4420,INDEPENDIENTE,"-12.141283, -76.992362"
19989,15731,0.330059846237135,0.330059846237135,PERUANA DE ESTACIONES DE SERVICIOS S.A.C.,SANTIAGO DE SURCO,AV. TOMAS MARSANO Nº 4080 ESQUINA CON AV. SURCO,PECSA,"-12.139049, -76.994372"
6792,6806,0.33232556920930517,0.33232556920930517,ESTACION DE SERVICIOS CORPAC S.A.,SAN ISIDRO,AV. ENRIQUE CANAVAL MOREYRA N° 202,PRIMAX,"-12.09708, -77.023794"
6806,6792,0.33232556920930517,0.33232556920930517,JOVEME S.A.C.,SAN ISIDRO,AV. REPUBLICA DE PANAMA CUADRA  32,REPSOL,"-12.096127, -77.020899"
7158,19955,0.33237581509748154,0.33237581509748154,RED DE COMBUSTIBLES LIQUIDOS S.A.C.,LA VICTORIA,AV. MEXICO Nº 2383 INTERSECCION CON JR. VIRREY LA SERNA,INDEPENDIENTE,"-12.065435, -77.004395"
19955,7158,0.33237581509748154,0.33237581509748154,BAC THOR S.A.C.,LA VICTORIA,"AV. NICOLAS AYLLON Nº 680, ESQ. CON AV. MEXICO",REPSOL,"-12.062916, -77.002731"
7709,40975,0.33546164010880053,0.33546164010880053,VILMA ROSA MELENDEZ PELAEZ,EL AGUSTINO,JR. SAN CARLOS N° 1881 INTERSECCION CON AV. ANCASH,INDEPENDIENTE,"-12.04064, -76.997898"
40975,7709,0.33546164010880053,0.33546164010880053,NEGOCIACIONES COMERCIALES SANTA OLGA S.A.C.,EL AGUSTINO,AV. JOSE CARLOS MARIATEGUI MZ. H LOTE 24-COOP. DE VIVIENDA HUANCAYO,PETROPERU,"-12.037685, -76.997206"
45492,83729,0.3356763324332206,0.3356763324332206,JUANA PONCE ZEGARRA,SAN MARTIN DE PORRES,"AV. TANTAMAYO (EX. AV. CHUQUITANTA) Y AV. PACASMAYO (EX. AV. ALEJANDRO BERTELLO), MZ. B LT. 1 Y 2. URB. SAN JUAN BAUTISTA",INDEPENDIENTE,"-11.9648, -77.092193"
83729,45492,0.3356763324332206,0.3356763324332206,PETROMIX S.A.C.,SAN MARTIN DE PORRES,"AV. TANTAMAYO ESQUINA CON AV. CENTRAL, MZ. A, LOTES 3 Y 4, PROGRAMA DE VIVIENDA RESIDENCIAL, 1RA ETAPA",PETROPERU,"-11.962229, -77.09383"
82985,88618,0.33984494614192157,0.33984494614192157,ALTAVIDDA GAS SAC,LOS OLIVOS,JR. LOS HORNOS Nº 149,INDEPENDIENTE,"-11.973999, -77.061006"
35251,15666,0.3416019912530519,0.3416019912530519,MOLIGRIFO S.A.C.,CHORRILLOS,"AV. DEFENSORES DEL MORRO (ANTES HUAYLAS) N° 2671. MZ. Z-1, LTS. 1, 2, 3, 4 Y 5. URB. SANTA LEONOR",REPSOL,"-12.183468, -77.009126"
16649,6765,0.34193622347480146,0.34193622347480146,ESTACIONES DE SERVICIO GASOLINAS DE AMERICA S.A.C.,SAN ISIDRO,AV. PETIT THOUARS Nº 3305 - 3307,INDEPENDIENTE,"-12.095718, -77.031491"
19980,132204,0.3470752846435942,0.3470752846435942,GAZEL PERU S.A.C.,SAN LUIS,AV. SAN JUAN N° 895,INDEPENDIENTE,"-12.075003, -77.001301"
15234,16670,0.34806630710984093,0.34806630710984093,REPSOL COMERCIAL S.A.C.,MIRAFLORES,AV. DEL EJERCITO N° 1295,REPSOL,"-12.110504, -77.051337"
21007,7089,0.3497951154603353,0.3497951154603353,SERVICENTRO LA MERCED S.A.C.,ATE,ESQ. AV. URUBAMBA CON AV. LOS INGENIEROS,PECSA,"-12.054551, -76.955344"
16756,82419,0.3526247661611559,0.3526247661611559,ESTACION DE SERVICIOS GRIFO MASTER S.R.L.,LOS OLIVOS,"AV. ALFREDO MENDIOLA ESQUINA CON CALLE 12, MANZANA E LOTES 05 AL 13 Y 16 AL 23 - ASOCIACION DE VIVIENDA RIO SANTA",PECSA,"-11.947111, -77.071378"
82419,16756,0.3526247661611559,0.3526247661611559,EDWIN RUDY ESPINOZA CASTRO,SAN MARTIN DE PORRES,AV. 25 DE ENERO (ANTES 22 DE AGOSTO) SUB LOTE 5A Y 5D. ESQUINA CALLE HACIENDA. URB. INFANTAS,REPSOL,"-11.945081, -77.068882"
19985,21006,0.35504022093368853,0.35504022093368853,PERUANA DE ESTACIONES DE SERVICIOS S.A.C.,SAN MIGUEL,AV. RAFAEL ESCARDO N° 250,PECSA,"-12.080649, -77.094731"
21006,19985,0.35504022093368853,0.35504022093368853,PETROCENTRO YULIA S.A.C.,SAN MIGUEL,"AV. LA MARINA Nº 2789 ESQUINA CON AV. RAFAEL ESCARDO, URB MARANGA",REPSOL,"-12.07781, -77.09321"
20124,87037,0.360244845992544,0.360244845992544,EVA JESUS LINDO ZARATE,ATE,AV. A SUR CALLE 1 Y CALLE 2. RESIDENCIAL VILLA HERMOSA DE HUAYCAN,INDEPENDIENTE,"-12.009103, -76.830862"
87037,20124,0.360244845992544,0.360244845992544,RAUL TORRES QUIQUIA,ATE,"AV. ANDRES AVELINO CACERES ZONA L LOTE 38, 39 Y 40 DEL PUEBLO JOVEN PROYECTO ESPECIAL HUAYCAN",INDEPENDIENTE,"-12.00682, -76.828503"
17881,8698,0.36030362543912586,0.36030362543912586,INVERSIONES MARSUL E.I.R.L.,LOS OLIVOS,AV MARAÑON MZ. A - LT. 1 ESQ. CON CALLE N° 1,INDEPENDIENTE,"-11.972385, -77.073342"
8539,21006,0.3621552581454864,0.3621552581454864,REPSOL COMERCIAL S.A.C.,SAN MIGUEL,AV. LA MARINA N° 2530,REPSOL,"-12.077591, -77.089891"
83926,19942,0.3627108806053432,0.3627108806053432,VIJOGAS S.A.C.,ATE,"AV. SANTA ROSA N 610, ESQUINA JR. LOS SAUCES",INDEPENDIENTE,"-12.068889, -76.980651"
16803,18830,0.3650208903251917,0.3650208903251917,COESTI S.A.,MAGDALENA DEL MAR,AV JAVIER PRADO N° 2504 ESQUINA CALLE FLORA TRISTAN,PRIMAX,"-12.093575, -77.057144"
7316,8506,0.36820968947375154,0.36820968947375154,CORPORACION GASOLIVOS S.A.C.,LOS OLIVOS,AV. ANGELICA GAMARRA DE LEON VELARDE N° 1361,REPSOL,"-12.006656, -77.07628"
8506,7316,0.36820968947375154,0.36820968947375154,KAMAGI CORPORACION DE SERVICIOS GENERALES S.A.C.,LOS OLIVOS,"AV. ANGELICA GAMARRA MZ. B, LTS. 3 Y 4 - URB. EL TREBOL III ETAPA",PRIMAX,"-12.006411, -77.072908"
18429,9537,0.36908565325224213,0.36908565325224213,COESTI S.A.,SAN ISIDRO,AV. PASEO DE LA REPUBLICA Nº 3890 CON AV. ARAMBURU,PRIMAX,"-12.102618, -77.027705"
136355,42387,0.3694240344422344,0.3694240344422344,CENTRAL PARIACHI S.A.C.,ATE,AV. NICOLAS AYLLON (ANTES CARRETERA CENTRAL) PREDIO SEMI RUSTICO PARIACHI PARCELA 10906,INDEPENDIENTE,"-12.002542, -76.845271"
6935,6938,0.3711469556040981,0.3711469556040981,ABA SINGER  & CIA. S.A.C.,JESUS MARIA,AV. MARIATEGUI CUADRA 15,INDEPENDIENTE,"-12.078051, -77.051944"
6938,6935,0.3711469556040981,0.3711469556040981,ABA SINGER & CIA. S.A.C.,JESUS MARIA,AV. HUSARES DE JUNIN ESQ. AV. HUASCAR,INDEPENDIENTE,"-12.079029, -77.048683"
15692,18820,0.3735827758060011,0.3735827758060011,ABA SINGER & CIA. S.A.C.,MIRAFLORES,COMANDANTE ESPINAR CUADRA 8,INDEPENDIENTE,"-12.110938, -77.03682"
18820,15692,0.3735827758060011,0.3735827758060011,REPSOL COMERCIAL S.A.C,MIRAFLORES,AV. COMANDANTE ESPINAR Nº 585 ESQUINA CON LA AV. ANGAMOS,REPSOL,"-12.114301, -77.037133"
7177,9080,0.3762792500168106,0.3762792500168106,LUIS RAPUZZI DE ALBERTIS S.A.C,JESUS MARIA,"AV. EDGARDO REBAGLIATI, ESQUINA CON JR. DOMINGO CUETO CUADRA 3",PRIMAX,"-12.080224, -77.039271"
6840,9021,0.3837846802166025,0.3837846802166025,COESTI S.A.,SAN LUIS,AV. NICOLAS AYLLON N° 1340,PRIMAX,"-12.064176, -76.995447"
9021,6840,0.3837846802166025,0.3837846802166025,OPERADORES DE ESTACIONES S.A.C.,LA VICTORIA,AV. CIRCUNVALACION Nº 1386,PETROPERU,"-12.066831, -76.997716"
35624,83926,0.3872475644083623,0.3872475644083623,ESTACION DE SERVICIO DON JULIAN E.R.I.L.,ATE,AV SANTA ROSA N° 333,INDEPENDIENTE,"-12.065847, -76.978891"
7109,19957,0.3874572453395142,0.3874572453395142,COESTI S.A.,LIMA,"AV. TINGO MARIA N° 1172-1194, ESQ. CON RAUL PORRAS BARRENECHEA",PRIMAX,"-12.059432, -77.058738"
18877,6960,0.39029990712351553,0.39029990712351553,INVERSIONES Y NEGOCIOS YOLANDA E.I.R.L.,SAN MARTIN DE PORRES,AV. ANGELICA GAMARRA MZ. I LT. 11-C  SAN MARTIN DE PORRES,INDEPENDIENTE,"-12.009467, -77.087978"
17870,42769,0.3934329000864907,0.3934329000864907,ESTACION DE SERVICIO MONACO S.R.L. (OPERADOR EXLUSIVO DE C.L. Y GLP),LIMA,AV. NICOLAS DUEÑAS Nº 308 - 310 ESQ. CON AV. ENRIQUE MEIGGS,PECSA,"-12.038727, -77.066331"
18440,92272,0.399130643638001,0.399130643638001,GRIFOS DIANA S.A.C.,LA VICTORIA,"AV. MEXICO 700, ESQUINA CALLE JUAN CASTRO",INDEPENDIENTE,"-12.074673, -77.022215"
6743,8332,0.39924777685564744,0.39924777685564744,COESTI S.A.,LINCE,AV. CESAR CANEVARO Nº 1598,PRIMAX,"-12.085233, -77.048362"
8332,6743,0.39924777685564744,0.39924777685564744,COESTI S.A.,JESUS MARIA,GREGORIO ESCOBEDO ESQ. CON HUIRACOCHA,PRIMAX,"-12.084023, -77.051817"
6873,40353,0.4009176168929526,0.4009176168929526,PERUANA DE ESTACIONES DE SERVICIOS S.A.C.,SANTIAGO DE SURCO,"AV. SAN JUAN N° 112, URB. SANTA TERESA",PECSA,"-12.127361, -76.977579"
6996,35251,0.4029765633919513,0.4029765633919513,GASOLINERAS S.A.C.,CHORRILLOS,AV. HUAYLAS 2355,PETROPERU,"-12.18133, -77.012124"
9488,21558,0.40332400747715474,0.40332400747715474,JANEDUS TRADING S.A.C.,BARRANCO,"AV. BOLOGNESI CUADRA 8, ESQ. CON CALLE TIRAVANTI",PRIMAX,"-12.142775, -77.017965"
9462,35624,0.4095606009176565,0.4095606009176565,COESTI S.A.,ATE,AV. NICOLAS AYLLÓN N° 2162,PRIMAX,"-12.063257, -76.981579"
14632,85107,0.41251166704699416,0.41251166704699416,GRIFO SAN IGNACIO S.A.C.,CHORRILLOS,"CALLE CONSTELACIÓN AUSTRAL, MZ. D1, LOTE 10, URBANIZACIÓN PARCELACIÓN LA CAMPIÑA",REPSOL,"-12.174085, -76.989161"
85107,14632,0.41251166704699416,0.41251166704699416,INVERSIONES GASSURCO S.A.C,SANTIAGO DE SURCO,"AV. GUARDIA CIVIL SUR ESQUINA CON CALLE DOÑA MERCEDES, MZ B LOTES 1,2 Y 3",PRIMAX,"-12.171327, -76.991712"
9527,39783,0.4125134419570294,0.4125134419570294,SERVICENTRO CAMINOS DEL INCA S.A.C,PUEBLO LIBRE,AV. LA MARINA NO. 892,PRIMAX,"-12.081477, -77.07069"
82903,19953,0.4157211870728159,0.4157211870728159,INVERSIONES ARICA S.A.C.,LIMA,AV. GRAU N° 1308 ESQ JR. HUANUCO Nª 1101,INDEPENDIENTE,"-12.05787, -77.017118"
15730,18639,0.4169716476708991,0.4169716476708991,PERUANA DE ESTACIONES DE SERVICIOS S.A.C.,SURQUILLO,INTERSECCION DE LA AV. ANGAMOS N° 1401 Y LA CALLE SAN LORENZO,PECSA,"-12.112567, -77.016954"
18639,15730,0.4169716476708991,0.4169716476708991,PERUANA DE ESTACIONES DE SERVICIOS S.A.C.,SURQUILLO,AV. REPÚBLICA DE PANAMÁ N° 5160,PECSA,"-12.115989, -77.01856"
18882,19983,0.4240264515841342,0.4240264515841342,REPSOL COMERCIAL S.A.C.,INDEPENDENCIA,"AV. TUPAC AMARU, ESQ. AV. TOMAS VALLE",REPSOL,"-12.006916, -77.054385"
19983,18882,0.4240264515841342,0.4240264515841342,REPSOL COMERCIAL S.A.C.,SAN MARTIN DE PORRES,AV. TUPAC AMARU N° 1453,REPSOL,"-12.010642, -77.053471"
9507,9573,0.4300284624255239,0.4300284624255239,REPSOL COMERCIAL S.A.C.,MIRAFLORES,"AV. ROOSEVELT N° 6471, 6475, 6479, 6481, 6483, 6485, 6489, 6491 Y AV. 28 DE JULIO N° 1541",REPSOL,"-12.13009, -77.017658"
9573,9507,0.4300284624255239,0.4300284624255239,SERVICENTRO GERMANICO F.H. S.A.C.,SANTIAGO DE SURCO,AV. REPUBLICA DE PANAMA N° 6901-A ESQ. CON AV. MARISCAL CASTILLA,REPSOL,"-12.133976, -77.017761"
14742,21054,0.43061536982957693,0.43061536982957693,GRIFOS LA TUNA S.A.C.,SANTIAGO DE SURCO,ESQUINA AV. AYACUCHO CON LA AV. PROLONGACION TOMAS MARSANO,REPSOL,"-12.135067, -76.997095"
21054,14742,0.43061536982957693,0.43061536982957693,COESTI S.A.,SANTIAGO DE SURCO,"AV. SANTIAGO DE SURCO N° 3291, ESQUINA CON LOS ALAMOS LOTES 4 Y 5",PRIMAX,"-12.13162, -76.998933"
8519,90316,0.43434661123541135,0.43434661123541135,CORPORACION CAMAJEA S.A.C.,LOS OLIVOS,"INTERSECCION AV. NARANJAL CON CALLE CANTA CALLAO Y CALLE 11 (MZ. P-3, LOTE 1, 2, 71)",PETROPERU,"-11.973902, -77.087142"
90316,8519,0.43434661123541135,0.43434661123541135,COPRINI S.A.C.,SAN MARTIN DE PORRES,"AV. TANTAMAYO CRUCE CON CALLE LLATA, MZ A, LT. 22 Y 23 ¿ URB. SOL DE NARANJAL",PECSA,"-11.969976, -77.087085"
6874,21446,0.4407987538412005,0.4407987538412005,REPSOL COMERCIAL S.A.C.,INDEPENDENCIA,"AV. GERARDO UNGER N° 3689, MZ D LOTE 26, URB. HABILITACIÓN PANAMERICANA NORTE",REPSOL,"-11.989741, -77.057411"
21446,6874,0.4407987538412005,0.4407987538412005,LIMA BANDA S.A.C.,INDEPENDENCIA,AV. CARLOS IZAGUIRRE 220 Z.I. PANAM. NORTE,INDEPENDIENTE,"-11.989416, -77.061445"
19956,7170,0.4464507291479885,0.4464507291479885,COESTI S.A.,LIMA,ESQ. AV. ZORRITOS S/N. CON MIGUEL BAQUERO N° 498,PRIMAX,"-12.050201, -77.04703"
16694,89061,0.4497859187431559,0.4497859187431559,INVERSIONES UCHIYAMA S.R.L. (OPERADOR DE C.L. Y GLP),SAN MIGUEL,AV. LA MAR N° 2382 Y AV. RIVAGÜERO N° 810 URB. PANDO IV ETAPA (ANTES AV. RIVA AGUERO ESQ. CON LA MAR),PECSA,"-12.074275, -77.083492"
21030,19986,0.4498803459308715,0.4498803459308715,EMPRESA DE TRANSPORTES Y SERVICIOS ALMIRANTE MIGUEL GRAU S.A.,SANTA ANITA,"AV. COLECTORA CUADRA 4, MZ. A - 19 LT. 3",PECSA,"-12.043114, -76.959357"
38701,88439,0.4519233902280498,0.4519233902280498,TRANSPORTES LAS VEGAS SA,LOS OLIVOS,AV. ALFREDO MENDIOLA 6200 URB. MOLITALIA (PANAMERICANA NORTE KM. 20),PETROPERU,"-11.956039, -77.068913"
88439,38701,0.4519233902280498,0.4519233902280498,GAZEL PERU S.A.C.,LOS OLIVOS,"AV. ALFREDO MENDIOLA Nº 6585 - 6589 - 6593 - 6597 - 6599, MZ. 2E, LOTE 16 - PARCELACION RESIDENCIAL SANTA LUISA II ETAPA",INDEPENDIENTE,"-11.952194, -77.070315"
19959,40437,0.4552302015484856,0.4552302015484856,ESTACION DE SERVICIOS GRIFO SANTA EULALIA S.R.L.,LOS OLIVOS,AV. 2 DE OCTUBRE MZ. LL-1 LOTES 15 -18,PRIMAX,"-11.948551, -77.080833"
6818,9507,0.455303674301616,0.455303674301616,COMPAÑIA DE PETROLEO SHELL DEL PERU S.A. (COESTI S.A.  ),MIRAFLORES,AV. BENAVIDES ESQUINA CON LA AV. REPUBLICA DE PANAMA,PRIMAX,"-12.126073, -77.018569"
7135,8518,0.45605236007915007,0.45605236007915007,DERK S.A.C.,PUEBLO LIBRE,AV. DEL RIO Nº 110,PRIMAX,"-12.06694, -77.054534"
41310,116829,0.45637259891314663,0.45637259891314663,ESTACION DE SERVICIO VIRGEN DE LAS NIEVES S.A.C. - ESVDN S.A.C.,ATE,AV. CARRETERA CENTRAL KM. 13.5,INDEPENDIENTE,"-12.007858, -76.856747"
9473,16602,0.46321400279254055,0.46321400279254055,REPSOL COMERCIAL S.A.C.,MIRAFLORES,AV. AREQUIPA 5080  ESQ. CON ENRIQUE PALACIOS,REPSOL,"-12.116757, -77.029541"
16602,9473,0.46321400279254055,0.46321400279254055,REPSOL COMERCIAL S.A.C,MIRAFLORES,AV. PASEO DE LA REPUBLICA INTERSECCION CON LA AV. ANGAMOS N° 498,REPSOL,"-12.113814, -77.026514"
6750,19955,0.4679019117170291,0.4679019117170291,SERVICENTRO CORONADO S.A.,LIMA,ESQUINA AV. 28 DE JULIO Y NICOLAS AYLLON S/N,REPSOL,"-12.060805, -77.006455"
18831,6938,0.46985065245301505,0.46985065245301505,ABA SINGER  & CIA. S.A.C.,JESUS MARIA,AV. CUBA CDRA. 12 Y JR. HUASCAR,INDEPENDIENTE,"-12.075106, -77.047029"
6821,7130,0.47292576943510434,0.47292576943510434,SERVICIOS RIGAL S.A.C.,SURQUILLO,AV. PASEO DE LA REPUBLICA N° 4251,PETROPERU,"-12.107672, -77.026267"
7130,6821,0.47292576943510434,0.47292576943510434,REPSOL COMERCIAL S.A.C.,MIRAFLORES,AV. AREQUIPA N°. 4305,REPSOL,"-12.108901, -77.030428"
106767,14665,0.4749521862996945,0.4749521862996945,ESTACION DE SERVICIOS PETRO WORLD S.A.C.,SAN MIGUEL,AV. VENEZUELA ESQUINA CON AV. RIVA AGUERO,INDEPENDIENTE,"-12.061333, -77.082199"
17953,18639,0.4775850989418488,0.4775850989418488,REPSOL COMERCIAL  S.A.C.,MIRAFLORES,AV. ROOSEVELT N° 5672 ESQ. AV. MONSEÑOR ROCA Y BOLOÑA N° 385,REPSOL,"-12.120302, -77.018366"
9247,40353,0.48286785506224833,0.48286785506224833,COESTI S.A.,SANTIAGO DE SURCO,AV. CAMINOS DEL INCA N° 2017 ESQ. CON LA AV. BENAVIDES,PRIMAX,"-12.130102, -76.98177"
18881,18824,0.48475182903046443,0.48475182903046443,ENERGIGAS S.A.C,LIMA,AV. VENEZUELA N° 2180 ESQ. CON EL JR. YUNGAY,INDEPENDIENTE,"-12.056362, -77.062517"
6779,39167,0.48532570419980575,0.48532570419980575,ASESORIA COMERCIAL S.A.,MAGDALENA DEL MAR,"AV. DEL EJERCITO N° 965, 967 Y 973, LOTES 1, 3, 16C, 17 Y 18 DE LA MZ. 68, URB. SAN FELIPE",PRIMAX,"-12.100393, -77.061799"
39167,6779,0.48532570419980575,0.48532570419980575,OPERACIONES & SERVICIOS GENERALES S.A.,MAGDALENA DEL MAR,CIRCUITO DE PLAYAS - PLAYA MARBELLA,PRIMAX,"-12.104006, -77.064328"
8538,16766,0.488916187695177,0.488916187695177,PERUANA DE ESTACIONES DE SERVICIOS S.A.C.,MAGDALENA DEL MAR,JR.  SALAVERRY N°478-480,PECSA,"-12.094186, -77.074868"
16586,17861,0.4893817989386925,0.4893817989386925,PERUANA DE ESTACIONES DE SERVICIOS S.A.C.,RIMAC,AV. FRANCISCO PIZARRO N°1207,PECSA,"-12.030878, -77.042239"
7128,21558,0.49374120633967766,0.49374120633967766,ATILIO  FERRUCCI PENDOLA,BARRANCO,ESQ. GRAU Y EL SOL S/N.,REPSOL,"-12.139568, -77.022104"
9526,21006,0.499458750823493,0.499458750823493,COESTI S.A.,SAN MIGUEL,AV. LA MARINA N° 3112 ¿ URB. MARANGA CUARTA ETAPA,PRIMAX,"-12.075387, -77.097081"
7124,15730,0.5029922219553069,0.5029922219553069,COESTI S.A.,SURQUILLO,AV. TOMAS MARSANO N° 1008 ESQUINA CON AV. ANGAMOS,PRIMAX,"-12.112792, -77.012339"
16619,6779,0.5063043855989825,0.5063043855989825,INVERSIONES BOREAL S.A.,SAN ISIDRO,AV. AUGUSTO PEREZ ARANIBAR (ANTES AV. DEL EJERCITO) N° 2199 ESQ. AV. SALAVERRY,PRIMAX,"-12.10333, -77.058232"
17867,17947,0.5088596031942977,0.5088596031942977,REPSOL COMERCIAL S.A.C.,LIMA,AV. ARGENTINA Nº 3003 - 3005,REPSOL,"-12.046978, -77.079513"
17947,17867,0.5088596031942977,0.5088596031942977,ESTACION DE SERVICIO NIAGARA S.R.L.,LIMA,"CALLE ELVIRA GARCIA Nº 2790,2794 Y 2796",PECSA,"-12.051275, -77.077845"
86138,8506,0.5101525668162435,0.5101525668162435,PERUANA DE ESTACIONES DE SERVICIOS S.A.C.,LOS OLIVOS,"AV. TOMAS VALLE, ESQUINA AV. BETA, SECCION A-1, FUNDO GARAGAY BAJO, SECTOR B",PECSA,"-12.010257, -77.070323"
86387,41310,0.5145894642737956,0.5145894642737956,AHV COMBUSTIBLES S.A.C.,ATE,CARRETERA CENTRAL KM 13.650 GLORIA BAJA,INDEPENDIENTE,"-12.008669, -76.8614"
16600,17867,0.5212710803572801,0.5212710803572801,REPSOL COMERCIAL S.A.C.,LIMA,"AV. UNIVERSITARIA  SUR  N° 546, CON  FRENTE  CALLE  MATERIALES  N° 156",REPSOL,"-12.042814, -77.077272"
6751,19958,0.5277370724960606,0.5277370724960606,REPSOL COMERCIAL S.A.C,JESUS MARIA,AVENIDA GENERAL ALVARES DE ARENALES N° 400,REPSOL,"-12.068787, -77.038198"
18879,15692,0.5314470013766732,0.5314470013766732,REPSOL COMERCIAL S.A.C,SAN ISIDRO,AV.CAMINO REAL N° 1298,REPSOL,"-12.107085, -77.039736"
14693,8101,0.5323812986816395,0.5323812986816395,REPSOL COMERCIAL S.A.C. - ( TIKY TOO ),SAN ISIDRO,AV. JOSE GALVEZ BARRENECHEA Nº 211 ESQUINA CON AV. DEL PARQUE NORTE Nº 590,REPSOL,"-12.092135, -77.013459"
8157,17860,0.5360874645407732,0.5360874645407732,SERVICENTRO UNIVERSAL S.R.LTDA.,SANTA ANITA,AV. APURIMAC ESQ. AV. SANTIAGO DE CHUCO N° 501 - COOPERATIVA UNIVERSAL,PECSA,"-12.042876, -76.970732"
17860,8157,0.5360874645407732,0.5360874645407732,MELVIN TEOBALDO HUMARI EULOGIO,SANTA ANITA,JR. JOSE CARLOS MARIATEGUI 540 URB. UNIVERSAL,PETROPERU,"-12.044053, -76.975508"
62992,14693,0.5388058649064279,0.5388058649064279,SAM GAS S.A.C.,LA VICTORIA,AV. JAVIER PRADO ESTE N° 1593,PETROPERU,"-12.088578, -77.010078"
18821,9539,0.5426396596563774,0.5426396596563774,REPSOL COMERCIAL S.A.C,MIRAFLORES,AV. BENAVIDES N° 2849,REPSOL,"-12.127995, -77.005498"
7302,21557,0.5430397644616852,0.5430397644616852,GRIFOS ESPINOZA S.A.,ATE,AV. NICOLAS AYLLON Nº 4359,PRIMAX,"-12.042581, -76.936065"
6771,7054,0.5471693742643992,0.5471693742643992,PERUANA DE ESTACIONES DE SERVICIOS S.A.C.,MIRAFLORES,"JR. ARIAS SCHEREIBER N° 124, ESQ. JOSE SABOGAL",PECSA,"-12.12253, -77.011071"
19987,38667,0.5689058144210604,0.5689058144210604,EMPRESA DE TRANSPORTES Y MULTISERVICIOS JUAN SAMIR Y VANESSA S.R.L.,SANTA ANITA,AV. CULTURA WARI MZ. I LT. 02 COOP. LOS CHANCAS DE ANDAHUAYLAS  (AV. CULTURA WARI ESQ. CON AV. LOS CHANCAS),PETROPERU,"-12.036604, -76.949522"
9128,7158,0.5728357191600177,0.5728357191600177,JAVIER PEDRO CASTRO ARROYO,LA VICTORIA,AV.SAN PABLO N° 651 ESQ. CON CALLE PEDRO DE LA GASCA,INDEPENDIENTE,"-12.067493, -77.009223"
18567,14693,0.5770207148643389,0.5770207148643389,REPSOL COMERCIAL S.A.C.,SAN ISIDRO,JOSE GALVEZ BARRENECHEA Nº 520,REPSOL,"-12.097336, -77.013056"
8069,61656,0.5812060087170423,0.5812060087170423,ESTACION DE SERVICIO SANTA ROSA S.R.L.,SANTA ANITA,AV. SANTA ROSA N° 274,INDEPENDIENTE,"-12.050234, -76.961799"
61656,8069,0.5812060087170423,0.5812060087170423,GASPETROLEO S.A.C.,ATE,"AV. NICOLAS AYLLON, ESQUINA CON AV. LA MOLINA",INDEPENDIENTE,"-12.054919, -76.964215"
6754,106767,0.5849184116507034,0.5849184116507034,GRIFO SAN IGNACIO S.A.C.,SAN MIGUEL,AV. VENEZUELA Nº 4647,REPSOL,"-12.061855, -77.087545"
33179,20982,0.586738398787821,0.586738398787821,GAZEL PERU S.A.C.,LOS OLIVOS,"AV. LAS PALMERAS MZ. A1 LOTES 2-3, ESQUINA CON AV. NARANJAL, URB. PARQUE NARANJAL II ETAPA",INDEPENDIENTE,"-11.978817, -77.072565"
7096,7800,0.5873524813537808,0.5873524813537808,COESTI S.A.,CHORRILLOS,"AV. CAMINOS DEL INCA N° 110-134, SUB LOTE 8-A, MZ. Ñ. URB. SAN JUAN BAUTISTA DE VILLA - PRIMERA ETAPA",PRIMAX,"-12.190336, -77.006286"
7800,7096,0.5873524813537808,0.5873524813537808,REPSOL COMERCIAL S.A.C.,CHORRILLOS,AV PROLONGACION HUAYLAS N° 326,REPSOL,"-12.194219, -77.002605"
9521,16639,0.5970528401810117,0.5970528401810117,COESTI S.A.,ATE,AV. NICOLAS AYLLON S/N. KM. 2.800 ESQ. TOMAS ALVA EDINSON,PRIMAX,"-12.060276, -76.976399"
16639,9521,0.5970528401810117,0.5970528401810117,REPSOL COMERCIAL S.A.C.,ATE,AV. NICOLAS AYLLON N° 2970,REPSOL,"-12.057989, -76.971432"
16725,85669,0.6023365877900679,0.6023365877900679,ESTACION DE SERVICIOS MAYORAZGO S.A.,ATE,AV. PROLOGACION JAVIER PRADO ESQ. CON LA AV. B URB. LOS PORTALES DE JAVIER PRADO,PECSA,"-12.040346, -76.923513"
85669,16725,0.6023365877900679,0.6023365877900679,EPAL NEGOCIOS E.I.R.L.,ATE,"AV. MARCO DE LA PUENTE LLANOS ESQ. CON CALLE 4 MZ. ""E"" LOTE 3B URB. BARBADILLO",PETROPERU,"-12.035968, -76.920224"
21665,7128,0.6099703992367796,0.6099703992367796,COESTI S.A.,MIRAFLORES,ESQ. AV. LA PAZ Y AV. ARMENDARIZ N° 575,PRIMAX,"-12.134922, -77.025122"
7046,35059,0.6195263178872559,0.6195263178872559,CORPORACION BLUE GAS S.A.C.,SANTIAGO DE SURCO,AV. PRIMAVERA Nº 1695 - CENTRO COMERCIAL MONTERRICO,PRIMAX,"-12.109033, -76.970882"
19943,87228,0.6275476729097162,0.6275476729097162,L. DACRUZ SERVIS A & D  S.R.L.,ATE,AV. METROPOLITANA MZ. J LOTE 42 B URB. TILDA,INDEPENDIENTE,"-12.032298, -76.935321"
87228,19943,0.6275476729097162,0.6275476729097162,INYSY S.A.C.,ATE,AV. LOS VIRREYES MZ. B LT. 8A EX FUNDO ZAVALETA,REPSOL,"-12.030063, -76.940618"
15215,21665,0.6283133394701361,0.6283133394701361,REPSOL COMERCIAL S.A.C,MIRAFLORES,AV. 28 DE JULIO N° 904,REPSOL,"-12.12946, -77.023539"
41487,18877,0.6285851149366626,0.6285851149366626,PERUANA DE ESTACIONES DE SERVICIOS S.A.C.,SAN MARTIN DE PORRES,"INTERSECCION DE LA AV. UNIVERSITARIA Y AV. ANGELICA GAMARRA (LT. 01-B), URB. SANTO TOMAS DE GARAGAY",PECSA,"-12.006958, -77.082799"
18558,82419,0.6287622462425455,0.6287622462425455,GRIFO SAN IGNACIO S.A.C.,SAN MARTIN DE PORRES,"AV. ALFREDO MENDIOLA S/N, ALTURA KM. 21.5 CARRETERA PANAMERICANA NORTE",REPSOL,"-11.939751, -77.070887"
6785,7109,0.6337765163045312,0.6337765163045312,ASESORIA COMERCIAL S.A.,BREÑA,AV. TINGO MARIA N° 1711,PRIMAX,"-12.064993, -77.060138"
8524,41728,0.6344187429089851,0.6344187429089851,J.A. Y F. INVERSIONES S.R.LTDA.,VILLA EL SALVADOR,AV. MARIANO PASTOR SEV. ESQ. CON LA AV. C. VALLEJO,INDEPENDIENTE,"-12.218477, -76.944975"
41728,8524,0.6344187429089851,0.6344187429089851,GRIFOS ESPINOZA S.A.,VILLA EL SALVADOR,ESQ. AV. MICAELA BASTIDAS Y CALLE 8 MZ I GRUPO 19,INDEPENDIENTE,"-12.213029, -76.943154"
18826,19959,0.6396058305850255,0.6396058305850255,EBORCIO ALDERETE BASUALDO/ GRIFO SAN MARTIN,SAN MARTIN DE PORRES,AV. CANTA CALLAO ESQ. AV. SANTISIMA CRUZ DE SAN DIEGO MZ. V LTS. 2 Y 3,INDEPENDIENTE,"-11.945727, -77.085957"
9356,6750,0.6446616283310537,0.6446616283310537,GRIFO VALERIA  VICTORIA S.A.C.,EL AGUSTINO,AV. JOSE RIVA AGUERO N°  411,PETROPERU,"-12.055252, -77.004659"
86146,138486,0.651870910304193,0.651870910304193,ESTACION DE SERVICIO PURUCHUCO S.A.C.,ATE,"AV. NICOLAS AYLLON N° 4500, URB. LOS PORTALES DE JAVIER PRADO",INDEPENDIENTE,"-12.032706, -76.926896"
138486,86146,0.651870910304193,0.651870910304193,ENERGIGAS S.A.C.,ATE,AV. VICTOR RAUL HAYA DE LA TORRE S/N (KM. 5.6 CARRETERA CENTRAL) ESQUINA CON JR. SANTA MARIA,INDEPENDIENTE,"-12.027946, -76.923367"
34805,121053,0.652143050020334,0.652143050020334,INVERSIONES KENY S.A.C.,VILLA EL SALVADOR,"ESQ. AV. MICAELA BASTIDAS Y MATEO PUMACAHUA  SECTOR I, GRUPO 16 MZ. K, LT. 5 Y 6",INDEPENDIENTE,"-12.191268, -76.956256"
121053,34805,0.652143050020334,0.652143050020334,EMPRESA DE TRANSPORTES E INVERSIONES CLARA VALENCIA S.R.L.,VILLA EL SALVADOR,"SECTOR 1, GRUPO 22, MZ. I, LOTE 01",PRIMAX,"-12.196986, -76.957714"
8154,38192,0.6538268584513471,0.6538268584513471,SERVICENTRO LA ALAMEDA S.A.C.,SAN MARTIN DE PORRES,"AV. CARLOS IZAGUIRRE ESQUINA CON AV. SANTA ROSA MZ. A LOTE 19, URB. LA FLORIDA",PECSA,"-11.990494, -77.097528"
8811,9049,0.6894187047571834,0.6894187047571834,JEVARO S.A.C.,VILLA EL SALVADOR,"AV. 200 MILLAS ESQ. CON AV. MICAELA BASTIDAS, MZ. C5, LOTE 12,GRUPO RESIDENCIAL 31 SECTOR 3",PRIMAX,"-12.230873, -76.933147"
9049,8811,0.6894187047571834,0.6894187047571834,GRUPO REVILLA S.A.C.,VILLA EL SALVADOR,AV. REVOLUCION. ESQ. AV.   TALARA. SECTOR3 GRUPO 12. MZ. N. LOTES 2. 3. 4 Y 5,PECSA,"-12.22625, -76.928898"
7276,18881,0.6913672273295973,0.6913672273295973,ESTACION SANTA MARGHERITA S.A.C.,LIMA,AV. VENEZUELA NRO. 2600,PRIMAX,"-12.0576, -77.068741"
35025,8344,0.7089976635922921,0.7089976635922921,REPRESENTACIONES CASASI  S.A.,SANTIAGO DE SURCO,ESQUINA AV. EL POLO Y AV. RAUL FERRERO (CLUB GOLF LOS INCAS N° 493  MZ. C  LT. 13),INDEPENDIENTE,"-12.093337, -76.967225"
17864,45492,0.7104577528685543,0.7104577528685543,SEGUNDO BELLO RAMIREZ,SAN MARTIN DE PORRES,ESQ. AV. PROLONGACION PACASMAYO Y AV. EL SOL DE NARANJAL. PARCELA II EX-FUNDO EL NARANJAL,REPSOL,"-11.968494, -77.097529"
14754,7124,0.7155692014347389,0.7155692014347389,KEMALU S.A.C.,SURQUILLO,AV. ANGAMOS ESTE 2398 URB. LA CALERA DE LA MERCED,PRIMAX,"-12.112282, -77.005786"
9355,16619,0.7186175737590894,0.7186175737590894,REPSOL COMERCIAL S.A.C.,SAN ISIDRO,AV. GENERAL  PEZET N° 1301,REPSOL,"-12.103456, -77.051632"
34770,21007,0.7266033651318022,0.7266033651318022,REPSOL COMERCIAL S.A.C.,ATE,"ESQ. AV. LOS INGENIEROS Y AV. SEPARADORA INDUSTRIAL N° 2503, MZ. E LOTE 14-2, URB. STA. RAQUEL 2DA. ETAPA",REPSOL,"-12.059816, -76.951354"
6749,19949,0.7275983390550373,0.7275983390550373,GRIFOS ESPINOZA S.A.,INDEPENDENCIA,"AV. ALFREDO MENDIOLA N° 3550, ESQ. AV. PABLO OLAVIDE (PANAMERICANA NORTE KM. 15.2)",PRIMAX,"-11.997183, -77.062482"
19949,6749,0.7275983390550373,0.7275983390550373,GASOCENTRO NORTE S.A.C.,INDEPENDENCIA,AV. GERARDO UNGER N° 3301 ESQ. CON JR. RUFINO MACEDO,PRIMAX,"-11.998113, -77.055868"
8153,43627,0.7346055694533944,0.7346055694533944,ESTACIONES DE SERVICIOS CLE S.A.C,LINCE,"AV. JUAN PARDO DE ZELA N° 845 - 849, ESQ. CON PASAJE SAN ROBERTO",REPSOL,"-12.082378, -77.027693"
7088,8225,0.7392333261339358,0.7392333261339358,INVERSIONES LUMARCO S.A.,ATE,"AV. NICOLAS AYLLON N° 8710-8720, CARRETERA LIMA - CHOSICA, ALT. KM. 11.20 (ANTES CARRETERA CENTRAL KM. 11.5)",PECSA,"-12.014738, -76.884798"
8225,7088,0.7392333261339358,0.7392333261339358,REPSOL COMERCIAL S.A.C.,ATE,"AV. NICOLAS AYLLON N° 7174, URB. PARCELACIÓN LA ESTRELLA",REPSOL,"-12.016966, -76.891198"
7310,16622,0.7441259756222287,0.7441259756222287,PERUANA DE ESTACIONES DE SERVICIOS S.A.C.,PUEBLO LIBRE,AV. BOLIVAR N° 1020. ESQ CON AV. GENERAL CORDOVA,PECSA,"-12.071974, -77.0646"
16642,18882,0.7452864227945213,0.7452864227945213,REPSOL COMERCIAL S.A.C.,INDEPENDENCIA,AV. ALFREDO MENDIOLA N° 2000,REPSOL,"-12.006035, -77.06117"
16643,21055,0.7487435769632147,0.7487435769632147,ESTACION DE SERVICIO AVIACION S.A.C.,SAN BORJA,INTERSECCION DE LA AV. SAN BORJA NORTE Y LA AV. AVIACION N° 2680,PECSA,"-12.093893, -77.002982"
21055,16643,0.7487435769632147,0.7487435769632147,ASESORIA COMERCIAL S.A.,SAN BORJA,AV. JAVIER PRADO N° 2520-2530-2540-2550,PRIMAX,"-12.087919, -76.999749"
8063,8132,0.752024083761486,0.752024083761486,COESTI S.A.,SANTIAGO DE SURCO,"AV. JAVIER PRADO ESTE S/N CUADRA 44, URB. FUNDO MONTERRICO CHICO",PRIMAX,"-12.084406, -76.974575"
8132,8063,0.752024083761486,0.752024083761486,INVERSIONES Y COMERCIALIZACION MAKA S.A.,LA MOLINA,AV. JAVIER PRADO ESTE N° 4885  URB. CAMACHO,PRIMAX,"-12.081696, -76.96824"
33657,61570,0.7741906055439927,0.7741906055439927,LUISA ANGELICA TORRES VASQUEZ,ATE,"AV. NICOLAS AYLLON (CARRETERA CENTRAL) KM 12, SUBLOTE A DEL FUNDO SAN JUAN DE PARIACHI",PRIMAX,"-12.012325, -76.87806"
61570,33657,0.7741906055439927,0.7741906055439927,PETRO SAN JUAN REPRESENTANTES Y VENTAS S.A.C.,ATE,AV. NICOLAS AYLLON S/N CARRETERA CENTRAL KM. 13 CP SAN JUAN DE PARIACHI,INDEPENDIENTE,"-12.010369, -76.871234"
82267,21482,0.7773272060040411,0.7773272060040411,SERVICENTRO Y TRANSPORTES  CONTRERAS S.A.C.,SAN MARTIN DE PORRES,"AV. BERTELLO MZ G LOTES 1, 2 Y 3, PROGRAMA DE VIVIENDA SAN REMO III Y LOTES 2 Y 3 DE LA MZ. B DEL PROGRAMA DE VIVIENDA FHILADELFIA IV ETAPA",PRIMAX,"-11.98997, -77.11456"
18818,16645,0.7872874391757739,0.7872874391757739,JLF ASOCIADOS S.A.C,SAN BORJA,"AV. SAN BORJA NORTE N° 1415 Y ESQ. CUADRA N° 8  AV. PASEO EL BOSQUE, URB. RAMÓN CASTILLA",PRIMAX,"-12.09609, -76.9883"
14622,17904,0.8014970968948268,0.8014970968948268,REPSOL COMERCIAL S.A.C,ATE,AV. EVITAMIENTO 1904 MZ B LOTES 1-6 URB. LOS PARQUES DE MONTERRICO,REPSOL,"-12.077185, -76.976001"
8235,16817,0.8051221172251456,0.8051221172251456,SHENANDOA S.A.,SANTIAGO DE SURCO,AV. CAMINOS DEL INCA N° 194  Y CALLE PUNTA PEJERREY,PRIMAX,"-12.113116, -76.99283"
18709,89213,0.8105507601219468,0.8105507601219468,NEGOCIACIONES J.C.A. S.R.L.,ATE,AV. NICOLAS DE PIEROLA ESQ. CON CALLE 20 MZ. K LOTE 8 COOPERATIVA DE VIVIENDA MANYLSA LTDA N° 476,REPSOL,"-12.030913, -76.89205"
9477,18828,0.8127319369050584,0.8127319369050584,SERVICENTRO TACALA S.R.L.,CHORRILLOS,AV.EL SOL S/N ENTRE L.LAURELES/L.NOGALES PBLO JOVEN TACALA,INDEPENDIENTE,"-12.187033, -76.989289"
18828,9477,0.8127319369050584,0.8127319369050584,ESTACION DE SERVICIOS EL SOL SAC.,CHORRILLOS,AV. SAN JUAN MZ. B-1 LT. 01- TUPAC AMARU DE VILLA,PETROPERU,"-12.19195, -76.98374"
9423,18821,0.8204320025443773,0.8204320025443773,COESTI S.A.,SANTIAGO DE SURCO,AV. MARISCAL CASTILLA N° 905,PRIMAX,"-12.135232, -77.007146"
8065,121053,0.8332930607369785,0.8332930607369785,PERUANA DE ESTACIONES DE SERVICIOS S.A.C.,VILLA EL SALVADOR,"AV. MATEO PUMACAHUA S/N. MZ. D, LOTE 1",PECSA,"-12.193165, -76.964313"
16774,14725,0.8364775832331242,0.8364775832331242,INVERSIONES PICORP S.A.C.,SAN MARTIN DE PORRES,"AV. JOSE GRANDA N° 3210,  URB. EL ESTABLO",PRIMAX,"-12.024228, -77.079642"
9584,15207,0.84262654883052,0.84262654883052,INMOBILIARIA SOL INVEST PERU S.A.,SAN BORJA,AVIACION Nº 3401,REPSOL,"-12.105377, -77.000802"
34612,8225,0.84567437411127655,0.84567437411127655,EMPRESA DE TRANSPORTES Y SERVICIOS EL SOL DE SANTA CLARA S.A.,ATE,ESQUINA AV. MIGUEL GRAU Y AV. SAN ALFONSO (LOTE 58) - SANTA CLARA,PRIMAX,"-12.022619, -76.88597"
97176,33678,0.8485478097438256,0.8485478097438256,ESTACION DE SERVICIOS & FENIX SUR S.A.C.,VILLA EL SALVADOR,"AA. HH. EDILBERTO RAMOS, GRUPO 01, MZ A LT 2, SUB LOTE 1 4TA ETAPA URB PACHACAMAC",PETROPERU,"-12.253014, -76.928351"
9514,21054,0.8540156141576821,0.8540156141576821,AUTOSERVICIOS SAN ISIDRO S.R.L.,SANTIAGO DE SURCO,AV. BENAVIDES 4295 - URB. HIGUERETA,PRIMAX,"-12.127764, -76.992136"
82208,40975,0.8552385366128225,0.8552385366128225,MERCEDES SOLEDAD MANCO ARROYO DE SANCHEZ,EL AGUSTINO,AV. FERROCARRIL ESQUINO CON 1º DE MAYO,INDEPENDIENTE,"-12.036337, -76.989472"
38158,38701,0.8577482284923078,0.8577482284923078,MULTISERVICIOS SANTA URSULA S.A.C.,LOS OLIVOS,ESQUINA DE LA AV. CENTRAL CON LA AV. HUANDOY MZ. H LT. 12 13 Y 14,PETROPERU,"-11.959078, -77.076158"
14722,19983,0.8767987714408098,0.8767987714408098,GRIFO SERVITOR S.A.,SAN MARTIN DE PORRES,AV. ALFREDO MENDIOLA N° 1395 - URB. LA MILLA,INDEPENDIENTE,"-12.014431, -77.060543"
16744,38701,0.8866493739751237,0.8866493739751237,REPRESENTACIONES  SANFLOR  S.R.L.,LOS OLIVOS,"AV. UNIVERSITARIA Y AV. GERARDO UNGER MZ. A, LOTES 1, 2, 47 Y SUB-LOTE 48 ¿ URB. INDUSTRIAL INFANTAS III ETAPA",REPSOL,"-11.962126, -77.063617"
16804,19989,0.887832808501971,0.887832808501971,SERVICENTRO LOS ROSALES S.A.,SANTIAGO DE SURCO,AV. AYACUCHO Nº 140,PECSA,"-12.142378, -77.001794"
38662,8583,0.9127330893713187,0.9127330893713187,GRIFOS ESPINOZA S.A.,SAN JUAN DE MIRAFLORES,"AUTOPISTA PANAMERICANA SUR KM 18.5, SUB LOTE 29 - A, FUNDO VILLA BAJA",PRIMAX,"-12.21538, -76.977103"
16028,17861,0.9163321220046815,0.9163321220046815,REPSOL COMERCIAL S.A.C.,RIMAC,AV. SAMUEL ALCAZAR N° 801,REPSOL,"-12.026873, -77.033777"
96646,18828,0.9176242610001818,0.9176242610001818,SERVICENTRO LA INMACULADA EIRL,CHORRILLOS,AV. CORDILLERA NEGRA-VOLCAN COROPUNA MZ. E-13 LT.5 LAS DELICIAS DE VILLA,PRIMAX,"-12.199256, -76.987733"
9577,14682,0.9326815893645345,0.9326815893645345,REPSOL COMERCIAL S.A.C.,LA MOLINA,AV. LA MOLINA N° 1310 (EX AV. LA UNIVERSIDAD N° 210),REPSOL,"-12.075642, -76.955215"
9632,83004,0.9365967579282879,0.9365967579282879,SEGUNDO BELLO RAMIREZ,LOS OLIVOS,"ESQ. AV. CANTA CALLAO CON AV. LA CORDIALIDAD. MZ. A-5 LT. 17, URB. PRO-2DA ETAPA",REPSOL,"-11.936069, -77.082058"
82148,83729,0.9432913386995297,0.9432913386995297,INVERSIONES Y SERVICIOS JULIO III S.A.C.,SAN MARTIN DE PORRES,"INTERSECCION AV. CENTRAL Y AV. LAS TORRES MZ.C, LOTES 8, 9, 10 Y 11, ASOC. DE VIVIENDA. SANTA MARIA DE NARANJAL.",INDEPENDIENTE,"-11.956095, -77.087814"
8267,82148,0.9478665086135071,0.9478665086135071,CONSORCIO ENERGY PERU E.I.R.L.,SAN MARTIN DE PORRES,AV. SAN DIEGO Nº 1000 Y CALLE SANTA MARIA,REPSOL,"-11.950148, -77.094079"
128675,14722,0.9743662999845626,0.9743662999845626,DELTA CHOCAS E.I.R.L.,SAN MARTIN DE PORRES,ALFREDO MENDIOLA 700 - 704 URB. PALAO,PETROPERU,"-12.023033, -77.058619"
18819,6751,0.9976860497186881,0.9976860497186881,REPSOL COMERCIAL S.A.C.,LA VICTORIA,AV. PASEO DE LA REPUBLICA N° 301,REPSOL,"-12.060288, -77.035132"
6837,34770,0.9986212786715596,0.9986212786715596,ORGANIZACION FUTURO S.A.C,LA MOLINA,AV. JAVIER PRADO ESTE N° 6651 URB. SANTA PATRICIA - III ETAPA,PECSA,"-12.067539, -76.946605"
9536,16028,1.0141312143335521,1.0141312143335521,RAMPOIL S.A.C.,RIMAC,"CALLE DOMINGO ANGULO N° 131, EX. ALAMEDA DE LOS BOBOS, LT. 01 MZ. B, ESQUINA LA HUERTA",INDEPENDIENTE,"-12.032758, -77.026636"
16772,16725,1.0213193338206232,1.0213193338206232,INVERSIONES LECAP S.A.C.,ATE,"ESQUINA AV. A CON CALLE 1, MZ. B. LOTES 12, 13 Y 14",INDEPENDIENTE,"-12.044054, -76.914923"
18878,18550,1.0340696017417976,1.0340696017417976,SERVICIO AUTOMOTRIZ SAN LUIS S.A.,CHORRILLOS,"AV. ALAMEDA LOS HORIZONTES N° 1070, URB. LOS CEDROS",PRIMAX,"-12.205946, -77.010956"
36832,82903,1.0529663034600683,1.0529663034600683,VAL TRADING S.A.C.,LIMA,AV. SEBASTIAN LORENTE N° 698,PETROPERU,"-12.04923, -77.01306"
86030,82159,1.055251738389821,1.055251738389821,ESTACION DE SERVICIOS YAOMA E.I.R.L.,ATE,"AV. 15 JULIO S/N. LOTES 10, 17 Y 18 ZONA K, PUEBLO JOVEN PROYECTO ESPECIAL HUAYCAN",INDEPENDIENTE,"-12.020364, -76.825781"
40731,18666,1.0801136585141882,1.0801136585141882,H & P INGENIERÍA LÍQUIDA S.A.C.,SAN MARTIN DE PORRES,"AV. LOS DOMINICOS MZ. U, LT.18 - URBANIZACIÓN LOS CIPRESES",INDEPENDIENTE,"-11.999823, -77.102574"
16638,36832,1.1190442766320623,1.1190442766320623,REPSOL COMERCIAL S.A.C.,RIMAC,"AV. 09 DE OCTUBRE Nº 508 (AV. CIRCUNVALACION KM. 6.5), PIEDRA LIZA",REPSOL,"-12.039601, -77.01621"
7569,16586,1.1615170378202604,1.1615170378202604,GRIFO CONTROL S.A.C.,SAN MARTIN DE PORRES,AV. ZARUMILLA N° 810. URB. ZARUMILLA,PRIMAX,"-12.033534, -77.052559"
18555,34770,1.244288158282783,1.244288158282783,REPSOL COMERCIAL S.A.C.,ATE,"AV. SEPARADORA INDUSTRIAL N° 3085, MZ. N, LOTES 7 AL 17, URB. MAYORAZGO",REPSOL,"-12.053462, -76.941924"
18866,8065,1.2947143323189356,1.2947143323189356,REPSOL COMERCIAL S.A.C (operador exclusivo de CL),SAN JUAN DE MIRAFLORES,CARRETERA PANAMERICANA SUR KM. 17 AA.HH. LAS BRISAS,REPSOL,"-12.199824, -76.974097"
37548,18533,1.3473074941660932,1.3473074941660932,IBIZA INVERSIONES GENERALES S.R.L.,INDEPENDENCIA,"AV. JOSE GABRIEL CONDORCANQUI N° 1101-1103,  URB. TUPAC AMARU",PRIMAX,"-11.97144, -77.042211"
19977,6780,1.4185192006634924,1.4185192006634924,YAVA S.A.C.,SANTIAGO DE SURCO,AV. JUAN PABLO II N° 1294-1298,PETROPERU,"-12.070376, -77.109738"
38208,16641,1.586913775304836,1.586913775304836,INVERSIONES SATELITE S.A.C.,SAN JUAN DE MIRAFLORES,AV. PEDRO MIOTTA N° 800-810 Y AV. BELISARIO SUAREZ,REPSOL,"-12.160823, -76.979223"
38507,16641,1.6749390078344821,1.6749390078344821,ESTACION PACHACUTEC S.A.C.,SAN JUAN DE MIRAFLORES,AV. DEFENSORES DE LIMA Y JR. TORRES PAZ PAMPLONA BAJA,PRIMAX,"-12.146804, -76.970719"
7026,38507,1.8478972929818125,1.8478972929818125,GRIFO CRISTO SALVADOR S.A.C.,SAN JUAN DE MIRAFLORES,"AV. LOS HEROES N° 1366 -1372, URB. JARDIN",PETROPERU,"-12.158918, -76.959029"
9583,8811,1.9299302142185915,1.9299302142185915,S. RODRIGUEZ BANDA S.A.C.,VILLA EL SALVADOR,CARRETERA PANAMERICANA SUR KM 23.5,PETROPERU,"-12.241265, -76.947394"
16618,41728,2.2171495802849783,2.2171495802849783,PACHACUTEC INVERSIONES GENERALES S.R.L.,VILLA EL SALVADOR,ESQUINA AV. PACHACUTEC Y AV. EL SOL MZ. E  LT. 1 PARQUE INDUSTRIAL,PRIMAX,"-12.194924, -76.934415"
7181,9364,3.886035127335948,3.886035127335948,GRIFOS ESPINOZA S.A.,LA MOLINA,"AV. LA MOLINA ESTE N° 1595, URB. EL SOL DE LA MOLINA",PRIMAX,"-12.085928, -76.901805"
7563,37548,5.8368643971343275,5.8368643971343275,ELENA JULIA SALAZAR DE LA CRUZ,ATE,"LOS PORTALES DE JAVIER PRADO 1RA. ETAPA MZ ""G"" LT. 1 Y 2",INDEPENDIENTE,"-11.943034, -76.997051"
